"id","vecino_1","vecino_2","vecino_3","vecino_4","vecino_5","dist_vecino_1","dist_vecino_2","dist_vecino_3","dist_vecino_4","dist_vecino_5","monto_promedio_vecinos","distancia_promedio","monto_promedio","ganancia"
15,133027,299243,25451,21735,278352,0.138308733196416,0.1405224324491,0.150795733239629,0.156229682505791,0.167932355968472,57170.9589380953,0.150757787471882,40854.8785714286,16316.0803666667
60,405,131708,85794,2732,16262,0.0329981725501468,0.115778061615303,0.127703085115268,0.12783783260758,0.13037507100636,59585.8903238095,0.106938444578932,8879.5,50706.3903238095
65,3283,5760,271680,21741,5773,0.00496874523566733,0.119330901217348,0.145865487639743,0.146501153269322,0.147329897910534,42392.4323737374,0.112799237054523,9578.53,32813.9023737374
87,399,14194,19554,20159,51545,0.0945065270000382,0.105780337594116,0.133908911329308,0.14428795624728,0.145701099332762,86646.9393305196,0.124836966300701,11805.92,74841.0193305196
124,79249,18826,21803,2734,188,0.0592976205976306,0.0931669130103564,0.101865097162135,0.115638452988724,0.1181298622141,87493.0856837606,0.0976195891945892,61919.4392307692,25573.6464529914
131,2736,27121,20159,292,22802,0.00441719135110232,0.0364208809784617,0.0498660512091628,0.055232254292488,0.0633508572423636,64113.1720701427,0.0418574470147157,42625.995,21487.1770701427
135,394,14392,18341,703,7013,0.0848799583893466,0.0966724051124213,0.10502375321157,0.105312918086112,0.10574066562505,44010.3227692308,0.0995259400849,36456.048,7554.27476923075
142,277285,71164,234572,21093,5956,0.0694160804061504,0.0713801322943383,0.0745364150568214,0.083637965480809,0.0924802439267984,37734.5453653846,0.0782901674329835,26464.95,11269.5953653846
187,85645,448,21495,58249,84856,0.117671692374921,0.120175403796402,0.121945640858002,0.122216853596954,0.125365919191809,49157.7029761905,0.121475101963618,43279.82,5877.88297619053
197,249124,21776,9313,25811,294067,0.0677926140197509,0.0741014506054036,0.0741686063422511,0.0785046490730827,0.0808452138508241,41919.8327809524,0.0750825067782625,29736.908,12182.9247809524
200,192,214795,29165,19003,803,0.117561375033801,0.130433871924415,0.133631627936439,0.135567677347878,0.138169173883445,91494.8175030304,0.131072745225196,61355.7,30139.1175030304
227,131708,2669,1413,405,265,0.0474149433635311,0.119708040846626,0.122595597689496,0.12927164149248,0.131201739764348,26186.5318,0.110038392631296,12977.1483333333,13209.3834666667
230,5357,265,110,21723,62,0.0863722632305122,0.0914571572257538,0.0925775390814394,0.0966832450780174,0.100307442813118,41560.1459904762,0.0934795294857682,23116.762,18443.3839904762
234,703,15841,394,21762,21765,0.0829655657769581,0.0967485215645678,0.101065116630699,0.106824880180416,0.106997263766978,70581.5472564103,0.0989202695839238,27089.2325,43492.3147564103
247,16330,59171,295282,5731,571,0.0754981951835021,0.0785442283688871,0.0836788342438963,0.0868059606270723,0.0902141446689316,40527.5533333333,0.0829482726184579,27202.5,13325.0533333333
251,713,14497,708,228,830,0.105280262152658,0.161353907319136,0.176119397472876,0.183666866230686,0.230785827005989,57752.0222666667,0.171441252036269,25931.2328571429,31820.7894095238
262,261,185326,53,3461,52644,0.120715966397116,0.127539082230378,0.127546420962196,0.143734181665529,0.151987681103222,63157.1276383117,0.134304666471688,40400.8771428571,22756.2504954546
291,20128,609,79250,20839,20707,0.00700838239339951,0.060624260020452,0.0872887300172153,0.0888036539390262,0.0954789380665599,70664.8735833333,0.0678407928873306,21672.5,48992.3735833333
297,53,185326,3461,261,49110,0.148094922829385,0.148621889431748,0.191144408943858,0.197160050452632,0.210541337672422,58385.1384954545,0.179112521866009,16490.7225,41894.4159954545
342,15817,25840,150994,19640,16438,0.00600578289258221,0.0571446726218983,0.0710011227078772,0.0778589319041996,0.0863323853495421,83878.5181059164,0.0596685790952199,19136.375,64742.1431059164
346,18338,3299,19028,22529,380,0.182779798792935,0.183575082255638,0.219639265146892,0.219785264970863,0.23175714467736,31656.2306388889,0.207507311168738,14744.9,16911.3306388889
370,270417,19574,23638,19557,292006,0.0465262332623512,0.057103162320448,0.0633557376217578,0.0698084360823117,0.0765781486536363,55114.2862222222,0.062674343588101,21638.605,33475.6812222222
397,51545,4981,17313,19554,14194,0.137596576899262,0.14307036541695,0.149453798381925,0.149857081883526,0.155454786452319,65992.7668214286,0.147086521806796,61315.77125,4676.9955714286
398,399,250392,22923,14194,267,0.0924098436382838,0.101663204687405,0.101696812856766,0.105582551243852,0.106993283838688,72919.3554502165,0.101669139252999,60862.462,12056.8934502165
413,2501,19365,379,385,126,0.0547117201766572,0.073709113388486,0.0751994135491861,0.0830284733493819,0.0837280426582793,57094.0757766234,0.0740753526243981,11877.88,45216.1957766234
529,16159,37744,15666,56428,18324,0.109016566858679,0.111039984057098,0.122826478203422,0.125870952141204,0.128991152426429,62635.1015988456,0.119549026737366,14288.5533333333,48346.5482655123
572,207629,21119,20303,20258,8743,0.05978344820732,0.0667346446903377,0.0794164004436564,0.0945686246189014,0.0961768302089371,61310.787,0.0793359896338305,24968.96,36341.827
610,17854,18694,105374,217447,3663,0.118157400700725,0.119972633871794,0.126020897921706,0.136352731314336,0.138074711838256,50632.5154787879,0.127715675129363,41227.83,9404.68547878788
697,24713,16572,15708,294122,145177,0.0656937290718564,0.106172316396176,0.111499480765705,0.113177675174533,0.117252002764089,49674.1163333333,0.102759040834472,49025.736,648.380333333342
698,323,66565,63432,16983,20839,0.101189518382341,0.123850314369304,0.129049903531661,0.130848678489768,0.134092475031004,59307.0288809524,0.123806177960816,11131.32,48175.7088809524
737,127025,14624,14392,402,16974,0.00466683017183996,0.0625799644672567,0.0769678124097768,0.0803088169414644,0.0840676226820157,81661.228987013,0.0617182093344707,36289.1688888889,45372.0600981241
787,57769,30743,9568,652,296510,0.0268799580678331,0.0747221970646021,0.0807147336173228,0.0908705259915298,0.0941392272092404,55172.4332258242,0.0734653283901056,43203.47,11968.9632258242
821,264835,463,726,479,18826,0.11545447361007,0.126972020797273,0.133084799533898,0.133335422015175,0.140944750751417,38092.7047353535,0.129958293341567,31812.834,6279.87073535355
823,442,924,447,51545,19554,0.159082679780038,0.174991688566374,0.185178541487359,0.190429266381973,0.19045662866272,42393.7380136364,0.180027760975693,35864.3466666667,6529.39134696966
853,3907,185180,11314,23153,174,0.0894671696645796,0.19912115482992,0.218099063249368,0.233675159050973,0.237403947286491,38704.5525,0.195553298816266,31240,7464.55250000001
876,32390,18348,17584,16980,518,0.0678159016135587,0.101589430114814,0.110848192804857,0.124212657307197,0.131082747040246,51500.9372957394,0.107109785776135,49597.1,1903.83729573936
910,18836,20314,18999,100271,18648,0.0494180992063817,0.049755107552297,0.0556337214709535,0.0592444309826696,0.0608880465443986,38205.3679920635,0.0549878811513401,6534,31671.3679920635
928,15821,111225,17961,245,16327,0.136694711100909,0.137166487235369,0.139888650531979,0.145586353579378,0.156391815956942,24580.9294666667,0.143145603680915,24451.085,129.844466666662
929,259360,21475,21736,18351,16839,0.190461424831884,0.199216804963048,0.201896211766346,0.207417424035809,0.210841306162333,52799.4959047619,0.201966634351884,6968.6,45830.8959047619
1094,163744,18677,21059,20589,20846,0.114853406563445,0.1174334625859,0.122687531479228,0.130136563321386,0.148677842604381,41169.4201372549,0.126757761310868,32639.3871428571,8530.03299439781
1213,299243,23997,278352,503,44268,0.0981691113765835,0.0987854196686327,0.101943973847488,0.102465695705826,0.108187820752035,49318.4118076923,0.101910404270113,29028.97,20289.4418076923
2147,79250,20839,20128,88202,609,0.0739661055509324,0.100051361489334,0.100185383405983,0.101216885028731,0.119687051409501,64438.7766309524,0.0990213573768963,24032.7566666667,40406.0199642857
2458,22234,213614,22250,19640,15317,0.0938483092200337,0.120553440608175,0.132521149162362,0.134957797715908,0.137122065744374,73681.2839333334,0.123800552490171,47008.425,26672.8589333334
2476,735,2821,623,16993,15675,0.0942565532982228,0.09750166663704,0.105237659816405,0.117921309071285,0.12318129764877,64695.5249419192,0.107619697294345,40213.762,24481.7629419192
2667,15412,437,24212,23155,19640,0.0494067561783699,0.189585291880469,0.215823956221526,0.233795484916063,0.238317915573547,93091.0503837607,0.185385880953995,33509.518,59581.5323837607
2826,131708,2590,61499,23657,25840,0.157795837544943,0.166565338339198,0.166813446123667,0.168374565247207,0.171482845723689,77841.5579090909,0.166206406595741,65993.7477777778,11847.8101313131
2836,49,79903,80182,5142,16597,0.0248845316947384,0.0848290751112262,0.0878266938383121,0.099417858562357,0.142986501877445,46359.8549333333,0.0879889322168157,5899.41,40460.4449333333
2912,47591,278510,989,516,2668,0.0325348676047202,0.0844780932467752,0.0890942884543141,0.0908584231948815,0.0931280530627412,36380.6524823529,0.0780187451126864,34100.5,2280.15248235294
2954,20258,479,73076,56428,16446,0.105493549149466,0.1071548481896,0.112646996606514,0.11678575771396,0.132490506474811,58058.4123290043,0.11491433162687,8550.75,49507.6623290043
3004,15317,45844,19640,15817,16993,0.0608569690784557,0.08029390074841,0.0869616584438017,0.0887937322387692,0.0935724720652479,51189.8500363636,0.0820957465149369,13995,37194.8500363636
3130,21078,97,270295,18488,51289,0.0553775062750359,0.0620753255458572,0.124952053858563,0.136030598517289,0.145846121040035,51167.2483214287,0.104856321047356,48167.58,2999.66832142865
3542,4702,126282,264793,315,30657,0.0870965480279438,0.105281132870659,0.105792844498146,0.107587187534741,0.111506023746182,35739.0739848485,0.103452747335534,6937.66666666667,28801.4073181818
3544,122701,734,348,296510,18826,0.119350015960329,0.12792915786755,0.128685151989385,0.137813992431139,0.149141965863494,85848.7381568628,0.132584056822379,53183.3944444444,32665.3437124184
3584,16980,687,88286,14288,213614,0.0867804970601097,0.0938532776995736,0.115909364716399,0.118427691134585,0.120018658675516,64378.2816666667,0.106997897857237,31395,32983.2816666667
3642,111225,15821,245,5654,294122,0.0683930651144491,0.111736190811906,0.11717577502682,0.125969133069294,0.138523280288962,22987.1808,0.112359488862286,7942.15,15045.0308
3662,220048,3553,224073,224115,69416,0.0561844432590236,0.0565915892938934,0.0781647773253382,0.0808321494808635,0.0849324685580325,51319.7131666667,0.0713410855834302,25142.3233333333,26177.3898333334
4073,277285,5956,71164,21093,234572,0.0325199474371866,0.0702983994386396,0.0751281906118587,0.0765448906107379,0.0875011103658863,37734.5453653846,0.0683985076928618,11740,25994.5453653846
4996,232423,4814,911,1468,264265,0.302231350664015,0.313823821317765,0.327079180677503,0.32770426242273,0.328221480736868,43595.1765238095,0.319812019163776,37061.97,6533.20652380948
5185,15313,914,16165,194568,21789,0.0970512423083868,0.0991303102040976,0.10534155387497,0.108136825610275,0.117348049394733,25796.7736666667,0.105401596278492,23545.9516666667,2250.82199999996
5722,15820,15969,17375,15809,686,0.0146098388119541,0.077270593251305,0.137155281649483,0.137295064823772,0.157964700628174,53767.870348538,0.104859095832938,10650.59,43117.280348538
6164,14313,5142,80182,270459,79903,0.162933143616249,0.267084106808332,0.267992841986434,0.268570478113125,0.269950919356534,62110.7810385965,0.247306297976135,12271.94,49838.8410385965
6999,23428,19557,471,19588,47816,0.047461499836848,0.0517521196512165,0.0630401604443886,0.065020343792263,0.0683654964900811,27130.3679333333,0.0591279240429594,23150.4042857143,3979.96364761904
7496,2343,17778,58249,231014,2345,0.0723072432777893,0.0776982325092533,0.082729966058139,0.0899297887996453,0.0971615269585731,44851.8839142857,0.08396535152068,16711.0625,28140.8214142857
10200,23526,23723,2747,23710,58265,0.134524586373953,0.137654246097085,0.142254064228666,0.152742420102774,0.190065645377307,79769.9163310605,0.151448192435957,17720.5633333333,62049.3529977272
10813,19557,23428,19588,250399,20314,0.0461241066153068,0.0579565451408921,0.0678672544132519,0.0716691114599582,0.075679900643286,28636.3436,0.063859383654539,11823.066,16813.2776
11635,20612,678,75602,31562,47816,0.0600771241078945,0.0641354921377386,0.0795073534853598,0.0809530355545219,0.0811393947323431,50778.6293944445,0.0731624800035716,25547.9554545455,25230.673939899
12875,151152,48996,21041,680,299243,0.109342876618904,0.111715463294278,0.113768108891306,0.113805958666104,0.113957880605616,42915.9411538462,0.112518057615242,19157.1,23758.8411538462
14299,26148,36326,3563,431,47631,0.0615810325919166,0.0615957664252109,0.0831570339568346,0.0859172450656177,0.0942096722555657,63979.1812097902,0.0772921500590291,2304.89,61674.2912097902
14310,14313,49,80182,79903,5142,0.0919748304506545,0.238450401231182,0.25567490017392,0.25573450056663,0.261253208244141,47297.6750385965,0.220617568133305,19446.48,27851.1950385965
14486,62,5357,355,110,15817,0.00544413508037954,0.0594298767503854,0.108146240921742,0.10932923245925,0.110618070513723,43458.3361333333,0.078593511145096,16584,26874.3361333333
14701,913,22694,176133,18999,25451,0.075854399442366,0.116733320552958,0.129421056082851,0.13755050152757,0.137843538679124,52360.8132444444,0.119480563256974,41511.8466666667,10848.9665777777
14992,803,19003,141,380,15519,0.0846505009560238,0.116552921801211,0.125795811299313,0.12676598265335,0.126869184282035,49509.5730887446,0.116126880198387,33895.745,15613.8280887446
15514,18118,19528,22085,18341,402,0.06634685373699,0.0686554257696711,0.0871030141336578,0.110457285150353,0.114366769070684,38111.8767985348,0.0893858695722712,8951.57,29160.3067985348
15718,294122,19626,224,15708,195,0.0896378020887538,0.0994092925628934,0.101750898129797,0.102079490270899,0.104263624664656,64847.4603,0.0994282215433998,6433.38,58414.0803
15725,145177,16494,17053,29558,207498,0.101535013297568,0.103715571921309,0.110444999207433,0.114250603190723,0.114557348456017,70310.5441212121,0.10890070721461,17551.955,52758.5891212121
15736,84174,207538,18656,3931,15331,0.00965603161782257,0.0978048899156976,0.10056131157048,0.103362065135003,0.113900596420217,34321.9812285714,0.085056978931844,13588.9675,20733.0137285714
15813,18334,20258,2794,479,2824,0.0806794993321864,0.152176172158753,0.154319372062656,0.158580775601139,0.165276298007833,52687.5678863636,0.142206423432513,6593.88,46093.6878863636
15816,21495,2345,3553,220048,9404,0.0616830560175043,0.0691858816885721,0.0710658470103932,0.0718298175820511,0.0828750739310074,61557.1300809524,0.0713279352459056,11706.542,49850.5880809524
15833,789,771,21778,44920,493,0.14077085975048,0.141145339117056,0.144374173688734,0.157871887925937,0.160849494398816,51026.1974181818,0.149002350976205,6743.815,44282.3824181818
15980,3527,2668,63388,516,10256,0.105745227620599,0.110887384167298,0.113196442730785,0.113707056978864,0.116071962162949,50717.8429323529,0.111921614732099,32841.01,17876.8329323529
16032,45862,21789,21812,15313,914,0.0219857971258581,0.106037340092991,0.110270981756652,0.113975556582092,0.115144219087674,30647.3902,0.0934827789290534,24150.8133333333,6496.5768666667
16193,803,327,21778,299144,19003,0.106917924825426,0.123994194697482,0.125060471863552,0.128196550363794,0.137855429800382,41831.3175030303,0.124404914310127,36146.0366666667,5685.2808363636
16261,21744,22022,234572,5731,21752,0.0627992120940471,0.0873437526352604,0.105216688888512,0.115701577732265,0.118296871872275,35504.7649025641,0.0978716206444719,13169.02,22335.7449025641
16309,17832,151384,15982,20864,24724,0.0627487096289856,0.067015810688437,0.0735747545319297,0.0781796839049348,0.079750377685047,39021.2901818182,0.0722538672878668,12166.3333333333,26854.9568484849
16454,3457,225873,23638,19574,44955,0.0500294708784288,0.111936324532892,0.118489049148501,0.123207547874968,0.127014079863486,38016.7969555556,0.106135294459655,27928.715,10088.0819555556
16792,157188,101569,4746,20593,32305,0.330775375333298,0.341735494650427,0.345552413500909,0.347576698630097,0.350602409928012,70831.2324484849,0.343248478408549,49991.9130769231,20839.3193715618
16806,27119,124572,130135,300421,924,0.0628349050751679,0.122379590282189,0.122387198617046,0.125262068897214,0.128887889065757,60020.2770416667,0.112350330387475,49563.1525,10457.1245416667
16900,224115,151294,224073,220048,3553,0.0935123353548679,0.0946523509642615,0.0948867308195641,0.0981729969094985,0.0992977659694439,47175.8651666667,0.0961044360035272,20108.1625,27067.7026666667
16906,16438,16908,150994,25840,15817,0.0831677726104399,0.107219439036728,0.109460461239944,0.110716475266279,0.111105835446806,74032.6447916306,0.104333996720039,40048.06,33984.5847916307
16972,79953,129,21,2794,16446,0.124301955416614,0.130610342969991,0.145058463420563,0.154898284698348,0.155348200322644,64307.1050454545,0.142043449365632,8805.02,55502.0850454545
17252,265,2669,5357,15524,16993,0.080608396288774,0.0813616727403616,0.0909570425625217,0.102072970697858,0.103532732303959,43986.3312424243,0.0917065629186949,31435.8890909091,12550.4421515152
17258,23,67280,20056,22481,49060,0.0532980174751919,0.0689010905189164,0.0715700928832984,0.0792404688293967,0.0881356244483267,55587.9333333334,0.072229058831026,51261.67625,4326.2570833334
17304,202124,17434,16974,127025,18338,0.0213668586119048,0.0951394427958223,0.0974817572220474,0.118623103193636,0.118720639565395,68322.756936508,0.0902663602777611,32201.802,36120.954936508
17312,192,214795,29165,19003,803,0.119139006537001,0.130833599694379,0.132748523720925,0.135293464698058,0.137491537216239,91494.8175030304,0.13110122637332,53026.6022222222,38468.2152808082
17636,25840,150994,5654,1413,15675,0.0873408928574606,0.0900774889197347,0.0923005644953965,0.0931127790865503,0.0938916067064223,55500.5753535354,0.0913446664131129,43754.58,11745.9953535354
17776,470,300421,8734,124572,130135,0.0982625218203919,0.137067738922562,0.141787390746894,0.142082739759597,0.143360175252249,55983.9261444444,0.132512113300339,9397.915,46586.0111444444
17960,2747,23710,41058,690,22492,0.0953300583955196,0.0997564609053393,0.109417409986534,0.153842612730031,0.158969951757313,68935.9035088383,0.123463298754947,32028.56,36907.3435088383
18105,15675,14702,989,16993,16643,0.0691253789131424,0.0798066172277045,0.0836833296293163,0.0857819016315483,0.0972963177545984,57230.7306585858,0.083138709031262,34298.2833333333,22932.4473252525
18110,18705,18872,20258,3836,73076,0.161268465824636,0.162265947532979,0.167906549092449,0.168049865336236,0.192424781113808,66396.8865367965,0.170383121780022,22267.3133333333,44129.5732034632
18121,18334,2794,479,2824,20258,0.117756280961209,0.146494705773994,0.15782648014533,0.168482099888859,0.172037526882909,52687.5678863636,0.15251941873046,42795.37,9892.19788636363
18314,284974,63432,16983,781,323,0.104871226039528,0.129436742288975,0.130093310325541,0.137786843038937,0.141869052794003,53952.8591796537,0.128811434897397,39386.3583333333,14566.5008463204
18337,217447,431,17854,3663,47631,0.0825778713195985,0.0898359979001439,0.0954691113198681,0.0980787053842203,0.101263228995323,63000.3893249417,0.0934449829838308,57792.625,5207.76432494173
18352,59171,5731,295282,282481,2133,0.0661356796397821,0.0806423575727139,0.0827405417083018,0.0969948414989965,0.097914916697104,39157.9006,0.0848856674233797,9838.02,29319.8806
18483,618,24418,22686,5208,16267,0.0670501415471004,0.0869821695020352,0.0906857985792074,0.0907650967228236,0.0960724494198036,28161.3943214286,0.086311131154194,11310.34,16851.0543214286
18500,81,18701,5156,22891,148,0.0557474850411942,0.137815287942581,0.140196158660879,0.141226361649113,0.165998729110086,37209.0767333333,0.128196804480771,11872.3333333333,25336.7434
18636,16596,15687,16640,18351,16647,0.0964369126199135,0.156680607052986,0.206917702138655,0.208931683398395,0.210886127207548,54852.8008,0.175970606483499,8835.77,46017.0308
18646,22287,2762,213614,4796,16982,0.0944293317072913,0.126013004838804,0.135278253275608,0.15920623705109,0.161476236417945,51320.6376477273,0.135280612658148,27722.958,23597.6796477273
18657,18146,102,23656,299,595,0.136016280022452,0.138021146272503,0.149744532715061,0.149938096599396,0.153176920359349,74495.7065079365,0.145379395193752,8526.28,65969.4265079365
18662,27562,48996,44955,26468,96,0.0524033224093237,0.0533283832561013,0.0634997567197307,0.0718219618352957,0.0789375586596598,48703.7903904762,0.0639981965760222,30019.7485714286,18684.0418190476
18679,20314,678,47816,185320,23629,0.0499270896450025,0.0503767934788025,0.0503890545145409,0.0595076125849809,0.0643206031706933,33044.1568333333,0.054904230678804,29081.3563636364,3962.80046969694
18690,379,2501,385,5654,294122,0.0767216224651446,0.0805219163452723,0.0973039090608719,0.098337441808891,0.111558229020743,35474.8875670996,0.0928886237401846,8550.75,26924.1375670996
18812,20642,301864,207498,29558,29165,0.0913925744812327,0.105860348213829,0.114220886577699,0.114334627292146,0.117403394399667,73283.8003333334,0.108642366192915,47043.2933333333,26240.5070000001
18819,771,18341,127025,482,61,0.132120035712399,0.1351842731565,0.135656685017381,0.136696893582262,0.138778833412177,72982.8138786215,0.135687344176144,41670.9733333333,31311.8405452882
18831,18840,21994,399,20159,250392,0.116067832537588,0.127358586006351,0.129225055788679,0.136704158308002,0.137641378535472,70292.0246454546,0.129399402235218,34423.4455555556,35868.579089899
18832,16980,1413,88286,16993,15675,0.0898066820258326,0.104126771028273,0.104201505919612,0.106698678275797,0.107582685778201,49354.877969697,0.102483264605543,8423.8,40931.077969697
19006,62546,51558,69500,168648,1848,0.095972527254231,0.106286353891887,0.125892200244156,0.137044963083708,0.144455921940449,71819.8181031746,0.121930393282886,62284.3369230769,9535.48118009772
19007,32622,21737,4068,15434,15050,0.095805080145352,0.145938267437511,0.176985377842049,0.217404659284806,0.239482083498749,62000.2405888889,0.175123093641693,39364.6125,22635.6280888889
19010,271705,136886,9313,18656,20256,0.110711436573964,0.113734394991323,0.116829965924532,0.137570292825877,0.138363132877015,41262.8527333333,0.123441844638542,40639.4081818182,623.444551515138
19063,21487,355,16173,2573,447,0.0825443119473042,0.119231309087348,0.120477025374565,0.138930543809806,0.14008869318342,24089.9836727273,0.120254376680489,11758.47,12331.5136727273
19302,133027,21752,271705,253902,20256,0.00364776671949356,0.174840319055719,0.176858551940543,0.181453503536781,0.18214550301814,47588.4152380953,0.143789128854135,43431.27125,4157.14398809528
19326,21055,202124,299144,595,16974,0.0988743517452333,0.115063326977789,0.115442283808856,0.118657208135774,0.123394399626733,63387.5762828283,0.114286314058877,13385.88,50001.6962828283
19577,79250,20128,20839,88202,609,0.0509629277811031,0.089274811794763,0.0970961433944946,0.100462644485005,0.102449959172512,64438.7766309524,0.0880492973255755,11130.1566666667,53308.6199642857
20135,127025,595,17053,23939,757,0.0915234503862844,0.113482090261704,0.118112380622718,0.118118431780825,0.121228252290128,80314.9121284272,0.112492921068332,38589.1825,41725.7296284272
20254,21262,46057,19310,238757,20288,0.0512808752331017,0.054277948363445,0.0717245285795069,0.0845797340518656,0.0846239967669551,24971.298,0.0692974165989749,2538,22433.298
20285,20159,399,22802,292,267,0.0731605021593735,0.0800326517321862,0.082014268689763,0.0856978885325123,0.0857517648780404,66224.2449636364,0.0813314151983751,41951.63,24272.6149636364
20322,261,53,185326,3461,52644,0.120339422309515,0.12800614978542,0.12800996862407,0.143862895677028,0.152222185341749,63157.1276383117,0.134488124347556,41473.74375,21683.3838883117
20560,24433,20852,24224,6755,25269,0.00939165079742718,0.0978658153090249,0.101272458543032,0.13333601010667,0.134222550407896,57982.0041194444,0.09521769703281,48240.1871428571,9741.81697658732
20576,47820,287873,254,56443,126373,0.0846029881228037,0.109795168996128,0.110604501150349,0.11136808992509,0.117485626305481,29002.117,0.10677127489997,21478.2,7523.917
20604,23657,266164,2590,21051,32112,0.0766682575198418,0.112801984664725,0.12097143362311,0.13075852757423,0.134147677527297,63379.53,0.115069576181841,21028.5083333333,42351.0216666667
20605,2695,163744,62467,21059,47820,0.070438271131032,0.0828341841501961,0.0897121092953801,0.100611122372917,0.101545193073645,48467.0976372549,0.089028176004634,22095.49625,26371.6013872549
20606,294067,249124,21093,71164,287873,0.0399267397682285,0.0580205927254509,0.0627720898912793,0.0639217625002889,0.0649540877030883,22948.9914166667,0.0579190545176672,13529.4,9419.59141666666
20836,17832,20864,151384,7894,571,0.0221782108012763,0.0527130163505294,0.0541305548877053,0.0701253484468281,0.074429497181699,41619.4311818182,0.0547153255336076,33776.65,7842.7811818182
20838,2736,27121,20159,292,42824,0.0320165018540672,0.0327257651945042,0.046208911138675,0.054899128054084,0.0635583009325719,57314.122403476,0.0458817214347805,13995,43319.122403476
20854,23656,4876,296510,9568,25269,0.0319715575687468,0.0679766871851567,0.0879467686295702,0.105306410760186,0.115166891178485,51291.4662948718,0.0816736630644289,21603.62,29687.8462948718
20885,20846,282327,365,132,18119,0.0200507399830428,0.072235102071047,0.0812126505205487,0.0993165968096888,0.100369242771095,39655.2489285714,0.0746368664310845,3138,36517.2489285714
21042,27719,47975,77117,20863,19574,0.0605530466835183,0.071663906818282,0.0745540044104429,0.0750526176017897,0.0810502606665617,54432.7552833333,0.0725747672361189,28648.2381818182,25784.5171015151
21071,21761,297656,234572,20279,128187,0.0930635112188872,0.0978459287156137,0.119260278927436,0.120357095885436,0.123931469355966,44814.1648888889,0.110891656820668,10259.75,34554.4148888889
21489,20258,8743,21119,19915,19014,0.0750678343136008,0.0819522716139788,0.0851596407726835,0.0881728351659165,0.0885910916410822,70540.0121282051,0.0837887347014524,8040,62500.0121282051
21505,675,21528,35343,680,87369,0.117183292894897,0.118272441943606,0.118745002651019,0.128211651109577,0.138023160461481,58272.4821958042,0.124087109812116,16091.09,42181.3921958042
21527,247295,179254,16587,298063,287778,0.0520679139754046,0.0524003688964148,0.0564151121413385,0.0565885826239394,0.0569935687534606,41807.8646666667,0.0548931092781116,11060.88,30746.9846666667
21730,3527,2668,516,15537,989,0.0352697999940979,0.0691657495298996,0.0783140709194673,0.0807286493423667,0.0863076885180677,66136.9081767974,0.0699571916607798,13826.1,52310.8081767974
21734,18839,31562,21115,33698,192791,0.0736565674558661,0.0753037088650267,0.075347973954273,0.0920650670741754,0.0974474585706652,36494.5407111111,0.0827641551840013,25259.074,11235.4667111111
22005,88167,18650,21066,21490,3092,0.0856016531662738,0.0952798157713464,0.119708442630394,0.122129014255835,0.122378293668867,62661.6404664226,0.109019443898543,41785.7154545455,20875.9250118771
22009,32112,23657,51194,21051,28680,0.105966947196813,0.109480741232683,0.117673288107265,0.124392084015242,0.132548333438629,34195.0518333333,0.118012278798126,24343.83,9851.22183333331
22341,228666,24418,5208,22686,210759,0.0877121140410476,0.0983832295380998,0.10314652521588,0.103842221870134,0.107886917622848,30930.6572380952,0.100194201657602,12591.5275,18339.1297380952
22900,16494,18146,515,1042,806,0.107624143789587,0.108688653404348,0.109529937872241,0.11470687734663,0.118022354973236,62902.0492644689,0.111714393477208,34500.9014285714,28401.1478358975
22932,652,24131,30743,8743,570,0.00162813612366849,0.0515235533042393,0.0674218224022912,0.0782023603337652,0.0901482800726383,41114.21615,0.0577848304473205,36670.7211111111,4443.49503888889
23431,2623,23428,471,20284,238757,0.0662809581543927,0.0678971640073669,0.0686167111281988,0.0898464893908706,0.0909822171227049,30511.2956,0.0767247079607068,10080,20431.2956
23461,22006,127025,493,502,5725,0.121101118452186,0.125148290773503,0.145402352607967,0.151432760692431,0.153286062686895,60763.5884809525,0.139274117042596,29610.633,31152.9554809525
23514,23723,3788,89084,23526,22492,0.216650494967126,0.23072812699379,0.237556331048281,0.238736429171242,0.257799302129666,64219.2943450981,0.236294136862021,31504.8636363636,32714.4307087345
23667,23657,32112,266164,2590,21051,0.123899375171802,0.126633540959081,0.14485263554138,0.147326301093151,0.148464034504289,63379.53,0.138235177453941,11059,52320.53
23961,23155,21487,24212,62,16173,0.140523376158441,0.17488040012823,0.178820084503382,0.191558686959864,0.204599418044095,45933.8163727273,0.178076393158802,34970.8633333333,10962.953039394
23993,136700,881,33698,201,21115,0.0758538489882785,0.0909968664615709,0.100527085579233,0.100979346562043,0.103012220835129,73495.5498666668,0.0942738736852509,32148.87,41346.6798666668
24204,437,48388,15412,23155,24212,0.0125777808534394,0.0826560322356067,0.191138791592775,0.265245376956367,0.304518105175219,86396.4897837607,0.171227217362681,44377.47,42019.0197837607
24452,216522,30754,686,102,48759,0.0414321880731693,0.228970277240326,0.235696724602412,0.235947670027379,0.236500823454336,54847.1839818296,0.195709536679524,48661.76,6185.42398182958
26502,185320,157188,4746,19557,176133,0.0739237047886641,0.0819248037171926,0.0830874455778382,0.0850344342938523,0.0853441003686054,54021.9025484849,0.0818628977492305,15125.6711111111,38896.2314373738
27086,217447,16475,47631,26148,36326,0.0628326877899015,0.0720741280888276,0.0892273113299738,0.0895226522569501,0.0895312794811789,49893.6466969697,0.0806376117893664,32125.625,17768.0216969697
27749,15820,15969,311,299144,83,0.126922189162099,0.133258934989342,0.175304479882143,0.191471647073656,0.200985118571749,52613.3493555555,0.165588473935798,21747,30866.3493555555
28455,2668,989,19626,3527,516,0.0901670264597969,0.0952984106454019,0.0972357590858129,0.0986485374601117,0.107067677753083,72714.0227323529,0.0976834822808413,26787.77,45926.2527323529
28691,311,19003,803,214795,327,0.156964690739967,0.160653984968952,0.167203553810833,0.173495317149401,0.176349511747147,55152.1825030303,0.16693341168326,44521.9583333333,10630.224169697
29805,399,20159,17786,267,292,0.0859009396618247,0.0954636860758578,0.0961376669444964,0.0963312057761435,0.0973247470915944,57829.5312969698,0.0942316491099834,11981.7066666667,45847.8246303031
30458,18119,365,182650,132,22073,0.131706154686133,0.133494472112671,0.13354815233319,0.136458763223443,0.147451457883686,50599.8375952381,0.136531800047825,11640,38959.8375952381
30668,48759,30754,23656,242041,31540,0.078472321522049,0.0974398027084707,0.143766901617285,0.158234915131387,0.164484553543834,45133.1519166667,0.128479698904605,12610,32523.1519166667
30892,97,21078,18488,22017,461,0.066182085101969,0.072637878879264,0.11396024333242,0.127072728694226,0.129479167762224,68720.9095844157,0.101866420754021,67523.24625,1197.66333441566
32939,223,745,431,3699,200162,0.159188763217282,0.162564047152193,0.164382551877193,0.166320994964962,0.170561929934287,40871.2198794872,0.164603657429183,31875.82,8995.39987948718
33406,270295,21078,97,442,27119,0.0750094749417034,0.113038095612199,0.117965418605358,0.148914163829088,0.154136844766611,51806.6318321429,0.121812799550992,37972.2,13834.4318321429
36261,11314,174,23153,3907,21368,0.0924140402409511,0.124810067360427,0.146140677649479,0.163155798322523,0.238471139064804,64457.9805,0.152998344527637,45364.225,19093.7555
38527,18140,15050,15434,19009,4068,0.0518575606967292,0.11426649356532,0.162944816828092,0.200083073240817,0.207650239181592,62591.2222888889,0.14736043670251,38742.343,23848.8792888889
40394,291554,43630,16267,856,72053,0.00929793541411737,0.0772672072471655,0.0907380661725714,0.0930016007929908,0.0944674080447796,35856.0711785714,0.0729544435343249,7026,28830.0711785714
40987,21368,41052,174,185180,21728,0.236565108747257,0.260270766073263,0.271064967905561,0.289598720256736,0.297248702802752,53081.1407,0.270949653157114,34941.4,18139.7407
45884,19316,19365,84995,126,379,0.0792305340430243,0.118045899171454,0.121277282403712,0.121959974574437,0.12233269868507,45096.2462095238,0.112569277775539,14051.65,31044.5962095238
46333,23656,4876,296510,48759,30754,0.0642521468515534,0.0789647744272825,0.112415250248643,0.112674441407672,0.11770606273835,46273.6150833333,0.0972025351347002,27736.368,18537.2470833333
47356,20600,26650,24229,88135,72183,0.124544944810747,0.124941386134868,0.127446731378265,0.128172646197106,0.128334869615046,31527.5379238095,0.126688115627206,28094.945,3432.59292380952
47602,217447,16475,47631,17854,20062,0.0500879269850656,0.071710653121378,0.0859609479234758,0.0985651414301434,0.102904971548865,76976.6149696969,0.0818459282017856,26175.1266666667,50801.4883030302
49065,46057,276047,1848,21501,19310,0.118238447717132,0.132784311900566,0.133005519863227,0.136197775722218,0.140615290600027,62388.2756483516,0.132168269160634,53406.4655555556,8981.810092796
50804,903,20600,2927,694,67275,0.0736506737874507,0.0764291630306778,0.0885137504840753,0.0923301355181659,0.0936897949636177,58743.0869047619,0.0849227035567975,45286.1333333333,13456.9535714286
63457,29165,148,5725,20642,301864,0.0767734908206236,0.115889516489565,0.12285808524469,0.124198422874849,0.12870353354853,48979.6959818182,0.113684609795652,34195.3433333333,14784.3526484849
66399,78364,448,84856,83098,21495,0.102823515067556,0.104647310151726,0.106229006142836,0.107154421071355,0.112690741690667,55748.0698928571,0.106708998824828,9008,46740.0698928571
69387,228666,284793,5208,22686,5398,0.00590351365089936,0.0607370857702874,0.0754576202289337,0.0766413862186813,0.0779082025548677,64660.5951428572,0.0593295616847339,19997.755,44662.8401428572
69455,22073,182650,745,18226,86295,0.00460953607069699,0.132992255364194,0.137548547331315,0.138445401785833,0.143603736173185,35444.8622619048,0.111439895345045,19959.7333333333,15485.1289285715
72208,20852,24433,24224,26104,6755,0.0591705559877434,0.0857635382045431,0.0858465187099562,0.110537717939912,0.118279796434493,68517.6241861111,0.0919196254553295,33087.14375,35430.4804361111
77202,265,2669,2573,5357,16173,0.0172723065921145,0.0706385551424042,0.0757430949998222,0.0835021998446088,0.0946998930349867,30012.7580060606,0.0683712099227873,24536.8571428571,5475.90086320352
88144,15821,194,17961,245,111225,0.0353435719411977,0.0688643214892105,0.0735614855670401,0.0858857353257297,0.0931700887136101,29190.5314666667,0.0713650406073576,18791.4,10399.1314666667
89009,17961,194,1401,1174,20032,0.0934282944073388,0.11231333160881,0.123129116625121,0.137143713664762,0.138598597025618,43670.8351714286,0.12092261066633,40560.9742857143,3109.86088571428
89053,2881,18351,16970,236850,16839,0.0622647256147141,0.124379661335079,0.133595592256468,0.141909078525904,0.142740770509262,66553.949,0.120977965648285,61290,5263.94899999999
89065,15666,56428,37744,479,73076,0.0748822778605176,0.124127692698848,0.129295370974097,0.132965927591503,0.142687493200933,50779.3159321789,0.12079175246518,39055.326,11723.9899321789
96196,85645,448,27828,84856,23229,0.0788532603637067,0.0966933321171737,0.0982015106121329,0.104124538059974,0.108023642128733,52543.2179285715,0.0971792566563441,22376.52,30166.6979285715
98481,26104,4876,8743,24224,24131,0.106082812934177,0.113073063302671,0.114278240046064,0.122474007522741,0.136204999850071,32049.455275,0.118422624731145,22374.0272727273,9675.42800227269
106736,22287,2762,213614,18125,22234,0.0616624374326414,0.123618794096669,0.125788577177208,0.148822974252743,0.150006570779536,64119.3793333334,0.121979870747759,12000,52119.3793333334
127007,18823,241665,253902,274889,21752,0.10699015559937,0.112477575818932,0.116919096576597,0.117646708986028,0.118855664853206,31241.6350626567,0.114577840366827,24908.565,6333.07006265666
127020,18826,2734,188,20258,726,0.0995984794063592,0.116760022425289,0.118499538491413,0.119163336100736,0.120840491121261,93116.7066615384,0.114972373509012,33055.8333333333,60060.8733282051
128105,14313,49,16597,79903,80182,0.179502773652265,0.243556582250906,0.261440712455896,0.297975248173194,0.299756049710932,59776.9314385965,0.256446273248639,44549.2,15227.7314385965
131403,20266,2734,188,2824,79249,0.284382133661374,0.292009069285924,0.292145357005579,0.303001072595863,0.304150782379961,82979.1728782051,0.29513768298574,35850,47129.1728782051
136769,87369,296524,249055,75545,264,0.109416794644564,0.136982239427309,0.139213810252405,0.143295980329576,0.144313397853729,58807.8623333333,0.134644444501517,33934.63,24873.2323333333
148618,19014,2794,19915,21499,21119,0.108783202023327,0.112571857951408,0.113575988755784,0.113590137541447,0.114831731104525,60444.4059813519,0.112670583475298,25061.26,35383.1459813519
163837,18165,793,21803,79249,18826,0.0839578121013637,0.158435526702546,0.17635809281704,0.177160021840136,0.184342516818562,48401.4952222222,0.15605079405593,15780,32621.4952222222
168946,22474,24432,77117,19588,4268,0.0625365372277377,0.0692262200158852,0.0695697979109078,0.0827167627709493,0.083791409776818,72305.0793346154,0.0735681455404596,19350.345,52954.7343346154
176237,68231,20,264793,21477,69499,0.0733762329326737,0.0876124376125009,0.0967118220806761,0.0993319772813062,0.0999902851696077,50040.5861666667,0.0914045510153529,23969.22,26071.3661666667
185311,22333,264,15331,3931,16264,0.0390441582812862,0.0548184614114659,0.057297552350173,0.0615814223297205,0.0770327010471834,43918.4182285714,0.0579548590839658,33809.348,10109.0702285714
191056,150994,5654,16327,25840,379,0.0595212272642668,0.0692988551483349,0.079659313493029,0.082312859725995,0.090807001661508,58820.1493535354,0.0763198514586267,44262,14558.1493535354
194689,18175,16086,15421,23939,268,0.00324371482474148,0.103778958003474,0.11738268385875,0.125560865574547,0.136848645334772,38302.4820595238,0.0973629735192569,13900,24402.4820595238
197022,383,380,19003,214795,32624,0.102838879297527,0.134357998922415,0.153243627370607,0.158638880266787,0.164393732652585,43913.742969697,0.142694623701984,34276.4133333333,9637.32963636368
199010,264265,126081,132936,236836,191164,0.257945990090318,0.269134851285394,0.280551425846996,0.2978589818532,0.301087071204189,43057.9235238095,0.281315664056019,38603.7657142857,4454.15780952381
200699,21119,89,284990,8743,42824,0.0485700989906609,0.0729814761515987,0.0758417317353662,0.0763266210666823,0.0806341575566743,38137.108875,0.0708708171001965,9140,28997.108875
207601,15683,102,15999,30754,48759,0.181520252927147,0.196579644417454,0.215626195254691,0.21582678905525,0.216537077304364,48149.5768690476,0.205217991791781,12304.26,35845.3168690476
209156,18647,482,10682,2615,44920,0.0743594008052303,0.119671690556669,0.14762454458843,0.155873282621534,0.169123150661494,46873.6932424242,0.133330413846671,29894.29,16979.4032424242
210790,274753,27972,18129,22316,31605,0.0938895066699497,0.103447966053317,0.108374809699823,0.10838583132382,0.120301512041161,22257.6074,0.106879925157614,15447.2,6810.4074
216211,293024,583,81062,1052,5731,0.0744455900437929,0.0894153912678943,0.0979898284462554,0.100282372530499,0.12156293932581,61035.3402893773,0.0967392243228503,19404.5,41630.8402893773
216271,24023,407,687,2780,14288,0.096499813980212,0.137670181424217,0.140374528550775,0.143030096581065,0.145911377008617,30105.7401454545,0.132697199508977,22895.21,7210.53014545454
221801,73243,284793,75545,151328,491,0.0778812697345953,0.0818481798267557,0.0854306983617148,0.0883899766234629,0.0931760091994655,63220.6358571429,0.0853452267491988,21610.8,41609.8358571429
223996,18705,18872,734,18826,22214,0.00532736083162955,0.0926278820777179,0.139209204893705,0.16110964845154,0.161222261297602,81748.452917749,0.111899271510439,57484.5,24263.952917749
225923,15412,437,48388,24212,23155,0.0486748652533928,0.172669742443632,0.220813541487786,0.223305345435129,0.236878467336934,86396.4897837607,0.180468392391375,19737,66659.4897837607
226077,18840,21994,399,20159,45532,0.116031942439211,0.128169923051124,0.129633577002415,0.136260768254909,0.13679169812688,71756.5298454546,0.129377581774908,25171.2866666667,46585.2431787879
231076,543,14391,17,40001,463,0.0587224814688489,0.0749877026060897,0.0865525993567058,0.102339290599279,0.133043810859653,36785.9449396825,0.0911291769781153,5078,31707.9449396825
234862,15306,214799,14515,20080,5725,0.0384658091272936,0.0487655155145214,0.101914588132877,0.127896396080778,0.128230179520707,50280.7481435897,0.0890544976752354,16176.365,34104.3831435898
243649,122701,299,348,102,726,0.102358373910177,0.133760977629128,0.138561014070768,0.144906565335162,0.159546745187789,55758.9103092437,0.135826735226605,52603.125,3155.78530924373
245649,41052,185180,23153,3907,110,0.154915511202443,0.175518790298239,0.212714059870174,0.243512339252982,0.299872851571488,60623.8264,0.217306710439065,15746.34,44877.4864
247562,16643,63388,21976,452,1413,0.0707549720476356,0.101056376578494,0.101813711019724,0.104244633387514,0.106106155470635,27630.0770909091,0.0967951697008005,17331.6,10298.4770909091
249016,299243,253902,503,278352,44268,0.0219600384264521,0.0869893156682544,0.0897047975560595,0.0901986361240346,0.103352082342889,47286.2143076923,0.0784409740235379,23713,23573.2143076923
249094,5357,15524,2669,518,62,0.0594569367908934,0.0763924729168651,0.0903400265535835,0.100286032606115,0.105579422780025,40647.2926060606,0.0864109783294964,11186.88,29460.4126060606
253818,19574,250399,21764,19557,27719,0.0376582168103907,0.0438395073333384,0.0478250330943997,0.0481627241472658,0.0493005250617064,37805.1312,0.0453572012894202,13939.2,23865.9312
253852,17313,294122,17627,224,16572,0.10767740801666,0.143023323247045,0.148730434271992,0.150346872125796,0.151476264768169,66102.3724619047,0.140250860485932,26524.06,39578.3124619047
253925,5357,19640,16980,15317,16993,0.101177512185063,0.106646421032306,0.113727204013705,0.11380309555876,0.119213775573176,61019.3239030303,0.110913601672602,24701.14,36318.1839030303
257283,17313,14392,22504,17627,14624,0.00553429223372113,0.143653809085442,0.147094405262271,0.150383770789791,0.151452505953856,68358.54612987,0.119623756665016,26468.375,41890.17112987
258560,16986,10682,44920,40982,482,0.0358223505562433,0.120665911842256,0.13645327026336,0.160833221380888,0.163854968408087,55621.9001666667,0.123525944490167,21333.2,34288.7001666667
258628,16158,300535,301864,104,21126,0.00996859199799025,0.0911758662150796,0.118536068214229,0.122186416790993,0.123541412507194,22368.2923809524,0.0930816711450972,13740,8628.29238095238
264728,151294,67280,16330,23,2133,0.0590548017221727,0.083688001622169,0.0871791632481952,0.087818839397068,0.094127392370436,43085.1839333333,0.0823736396720082,21210,21875.1839333333
266085,270459,224384,135421,22039,209254,0.0622202550634773,0.104670419921059,0.143972704015338,0.163419464590267,0.224203583701295,57172.2068205128,0.139697285458287,18196.54,38975.6668205128
266301,274753,31605,27972,29641,50173,0.10002382407914,0.103007275235195,0.106225101665772,0.112309302522704,0.114610376700659,24314.0050666667,0.107235176040694,8069.66666666667,16244.3384
269175,221,806,14515,59140,15302,0.0103244155810054,0.0657464548836581,0.0890904527839266,0.100054758936621,0.109547274728559,71980.3087174603,0.074952671382754,35628.675,36351.6337174603
274886,213614,122710,126,687,14288,0.0737656928487606,0.0738473674073866,0.0834892184466061,0.0902139517486071,0.0931585447383595,68367.8697333333,0.082894955037944,24747.72,43620.1497333333
274932,16330,2133,5760,23,67280,0.0521352838691671,0.0898911579149764,0.0982322513412,0.0992202564295186,0.102174213229722,46306.0968222222,0.0883306325569168,26444.96,19861.1368222222
276107,18638,15841,189,21051,502,0.0942215234176852,0.104675670659635,0.105246842865153,0.112808323927264,0.126659575385501,45228.2150952381,0.108722387251048,10260,34968.2150952381
276323,19316,234794,112804,2501,354,0.0837942530592169,0.117686651464221,0.121031919536324,0.122288314871843,0.127574739827088,45149.2122539682,0.114475175751739,20056.72,25092.4922539682
282510,299144,83,21055,18338,128290,0.101375101968308,0.10320284069578,0.117206951031285,0.125639870542006,0.135988656068997,61560.8688161616,0.116682684061275,27613.655,33947.2138161616
282656,15821,194,17961,245,5654,0.0008153426939859,0.0756727361410979,0.0821815999690735,0.0930359345843424,0.0994979032255257,25461.4881333333,0.0702407033228051,21973.2,3488.28813333334
286574,51545,4981,19554,279,21994,0.0632606833083392,0.0857081826667276,0.103698571291403,0.120373753520425,0.132257573246386,66311.90845,0.101059752806656,40545.6,25766.30845
286584,213614,22287,2762,16982,22234,0.116608418175746,0.119895873186327,0.128073938818797,0.144056326073706,0.149421730486476,68576.9146060607,0.13161125734821,58380.5,10196.4146060607
289117,15421,3299,380,16086,19003,0.150086344178195,0.165338972773054,0.17554048932673,0.177276592878895,0.186540237642567,40295.0021958874,0.170956527359888,8106,32189.0021958874
289300,543,463,14391,128290,40001,0.145295939972343,0.150149222315715,0.152164160577508,0.154888644648025,0.159205824418617,29248.9205396825,0.152340758386442,12117.5,17131.4205396825
292935,3699,192886,223,849,6855,0.0977480580128848,0.106883795797162,0.109496292059736,0.118799454239742,0.122783235802098,39701.1640095238,0.111142167182325,37201.845,2499.31900952382
