"id","vecino_1","vecino_2","vecino_3","vecino_4","vecino_5","dist_vecino_1","dist_vecino_2","dist_vecino_3","dist_vecino_4","dist_vecino_5"
16454,23941,2456,3457,19557,370,3.31627136402166,3.50995745033654,3.53277655481771,3.71847397056413,3.72574057546509
20318,20869,77096,19033,2985,32957,3.5254958355593,3.60109251458064,4.42351184019222,4.53792748835671,4.54295488084864
224256,19033,264292,36185,423,19544,4.58510795311329,4.81814466458173,5.28704543410569,5.36691838509793,5.4270510926345
17621,20273,508,137089,2762,189,3.44890755681607,3.95798485370246,4.35559599792731,4.40932476050302,4.46478512405749
150994,25840,19365,16572,16438,22802,2.97814677530967,3.04286102472171,3.18631314474354,3.26875953668205,3.3979648702944
3674,75543,18650,897,202388,483,2.59052415506027,2.88587121276609,3.12470788016767,3.13092356136177,3.27849686868073
105374,18799,267456,224073,18694,914,2.89956463610465,2.9753799015556,3.1804384284273,3.22663278409162,3.2853580717005
296510,3836,806,14194,32336,24131,3.79092880540611,3.97217694176035,4.17600756733251,4.17882695129747,4.24342625589022
236850,89053,21778,941,22000,32390,3.85919192339638,5.30638084771583,5.58716928664276,5.59062260024152,5.59686346228253
8419,82370,9313,5956,19013,25452,4.69553342039171,5.35953932882367,5.62942650583383,5.71434240273499,5.91499990025653
42477,212,27564,76166,94792,163662,4.82348311397805,5.00313486889788,5.54089279486617,5.63373274916484,5.84846995757582
19577,207629,19063,2147,20839,447,3.66883583912879,3.67387000582494,3.82124764461765,4.28375611762334,4.57890536317205
232440,1551,141097,2906,216371,49035,4.78299757353219,5.26217319168388,5.34021532187585,5.41098062393661,5.62663533414242
24937,322,17779,72,19343,27269,4.24568847225066,4.58039789550129,5.27589243098589,5.87492066646149,6.91469035697382
4813,1551,203748,48788,24342,203769,4.73813586687805,5.18836001787022,5.40001741551899,6.31573642793768,6.32141826879192
24224,463,570,20852,32896,461,2.92023272805809,2.9861902640956,2.98703211893575,3.00354307023735,3.06641695136834
295107,296524,28437,16186,286558,36326,3.85954973454881,3.98936667692065,3.99840180591711,4.05736754631358,4.07654552739592
3331,16179,19539,17275,16591,19547,6.01241906365485,6.07383984124947,6.15310430510215,6.21134018215504,6.32121637543244
64305,1927,253852,17636,286584,32390,3.35392645293021,3.83706480975833,3.83864898556318,3.973899844688,3.99643987396654
264265,236836,232423,132936,4814,176237,8.05496835568638,8.64728532256058,8.88889259908799,9.33761492955738,9.53203488944472
55628,501,499,21736,6459,137089,4.93013091953555,4.96131351173447,5.1273239269931,5.15812542740805,5.20666895339916
3583,19304,15300,17275,2781,3408,4.00263521522859,4.01370475669393,4.24995629099101,4.25612498586814,4.31232834718987
23667,303228,247562,276107,16643,301864,4.17663649597378,4.3917933848818,4.42331050306061,4.63283916855886,4.67927457351889
1375,183,203769,4792,24342,2662,10.8111053116395,11.8611547247853,12.1303102127139,12.4677174694487,12.7969213336891
308,903,266301,291560,484,176,3.30111009068741,3.59144215238509,4.19398414523882,4.28079191395213,4.36581320904533
3887,234356,21746,21043,21060,423,1.46387162280959,1.48188607824212,5.34228078118732,5.3557482338654,6.04882728325051
291906,16785,16263,19534,17000,16327,3.14545896888289,3.26792226285529,3.53817095528899,3.66400902370501,3.66658654232114
292221,249156,169007,212217,825,105152,3.97587889153996,6.16198517053585,7.58682428983714,7.688750869564,7.8168456931189
129,21,188,20159,21119,37744,3.94377969663578,4.28076241568141,4.40994150080118,4.41171847692034,4.47609824841328
989,412,18105,15834,2668,16494,1.92747906506186,2.41058822857716,2.45781893810995,2.6455015681124,2.64991287662937
282629,41,32957,409,14368,29628,3.92910749331294,4.70819462768839,4.7349843801018,4.74362245885078,4.80078003582894
6647,12464,2346,15300,18330,778,2.1474906479712,3.79880121330051,4.46523812162775,4.50120562698377,4.71734763500719
58249,114415,15816,220048,17377,21764,2.51058914959339,2.64042334401341,2.6839940916366,2.94446112945074,2.9607569983924
257283,253852,22504,17636,1927,17434,2.75398346319109,3.85705318656486,3.87527664479628,3.92356151430114,4.14734884977319
46057,1848,583,182,25451,157188,2.05235304832816,2.09067470680349,2.19340428218529,2.24870707262881,2.45750948620194
62562,19304,38602,825,62557,546,5.6261080393062,6.4061310477558,6.80491966766772,6.97998424070099,7.02067030470192
18657,200699,20357,379,284990,16647,3.58587105557047,3.76322806522533,3.84115656111297,3.9233347324855,4.28706360411463
22900,15302,14194,24,20852,1042,2.7021023065943,2.97999869046592,3.09275048825954,3.16366519294121,3.17920571929145
42824,267,20303,101580,264835,398,4.70925712901214,4.84822858754248,4.88432801437816,4.97197766709241,5.10383581164946
15969,15820,5780,15809,17375,3645,3.34132890743782,3.73397877095829,3.9473732308603,4.04524737984684,4.63612531904761
289160,278882,19310,58906,293024,253902,2.88366596535072,3.17794968888738,3.19590574823963,3.32114402095097,3.33942691701602
227,107,52610,15834,23241,2349,3.10924950808071,3.29950653086307,3.54580981073503,3.64900817702904,3.66286894648834
30668,20854,242041,10680,301973,284990,3.75742304784388,4.29904536450893,4.95475102388765,5.14326766118365,5.35826447599976
25460,21501,201,19556,321,683,2.37346754999484,2.44185125818469,2.54359128642292,2.69213895725902,2.84259066146162
271801,195,17627,15834,16494,19626,3.01378568730876,3.08200363337822,3.16763911430335,3.23486979061461,3.40096307705251
249094,17961,17252,15880,15817,301836,2.66566629770486,3.04415642768383,3.19703526495122,3.44206942667758,3.50317643994712
21991,20869,2985,30445,36199,16575,4.39770723264991,4.43981440334449,5.35518985291344,5.63345706409205,5.7748962398477
323,79250,292,22017,21119,2421,2.71150252931201,2.95927287448592,3.03048726910799,3.07087736698037,3.16980959955541
217461,556,4792,169007,225913,825,6.11058067247043,6.37561708655714,6.43031931059875,6.43105595808893,6.71753592041962
23526,23514,10200,2747,23710,58265,4.56298034525363,5.10581440216465,5.21425760000521,5.24299232294175,5.3371361793697
20838,18104,200699,284990,21489,20357,1.65860612047239,2.31755546379847,2.91415049472581,3.12912733660439,3.48525069930189
28460,2345,17778,114415,7819,5868,2.41441558462943,2.63281721075667,2.76056502378209,2.85028435475567,2.8967821927921
468,85645,21490,18109,7496,17778,1.11927295013955,2.41796935059394,2.45598624304228,2.4568792027959,2.65495754337357
192,214795,803,40001,4898,124,2.56703840937017,3.12445389695033,3.23273334994666,3.36467680188377,3.43617818016497
705,12464,68213,3408,3371,105152,3.65736089183456,5.02517052437478,5.11490777568713,5.23106716837392,5.34131115306957
787,72208,18146,2000,515,397,2.49650118808986,2.63451319414808,2.72088866484315,2.84171946424853,2.93044498455228
3461,420,28455,23657,243649,18334,4.64201692239855,5.29275671986682,5.36762417863451,5.42225734478647,5.45382509743203
267544,77096,32957,2346,20869,41,4.59861605165953,4.64834130944002,4.80571998137791,4.9137466342948,4.99106142401971
19588,23431,471,270425,21115,293080,3.79137980769226,3.98513540643025,3.98823118658054,4.14970435824818,4.18591014244457
202268,10317,18341,23939,19315,2735,3.32769504733815,3.66611923065081,3.74837611943762,3.84395269872595,3.90595593881037
275917,18679,18839,17377,3064,19324,2.58659336316167,2.69742545350958,2.76455593660785,2.93122243149524,2.9617853112476
23629,701,20284,192791,270425,18019,1.4237358028401,1.95705920174514,1.98771581716577,2.04964550366658,2.21813548581834
20885,20846,20606,18799,22251,267456,2.41983740141164,2.90124775255931,2.91256500814774,3.41342685850075,3.58002098373947
3287,15300,41,2346,778,15513,2.83439472707199,3.57237123986432,3.68795516449806,4.46783470106429,4.68851148080823
286574,342,218974,19063,207629,264835,4.18825514071119,4.42842830322984,4.46621497625204,4.52067384705885,4.54197884295254
20133,279,45844,18458,20146,452,2.64975447146009,2.73601994471746,2.82479991841104,2.9620277525946,3.00012090608828
217377,213614,18351,83,147,126,3.69888659291047,3.83478489460951,3.91304869836115,3.99387981081704,3.99878222411677
16974,14624,21762,3327,17053,21055,2.32616562439434,2.85991953781673,2.8678158840653,2.98314153082471,3.00649275605638
372,19033,264292,423,45219,266,3.7950788793286,4.34375081842166,4.64894913314407,4.95827407757165,5.0006845226987
46579,54,4622,30445,266,38602,5.75213376585173,6.82825510266534,6.8773285803431,7.07283449070065,7.1153937072694
30026,94097,5156,19315,17252,213,2.2245464781062,3.61807089411345,3.67287723735419,3.87457646894709,4.01834189607774
21789,188304,194568,189706,914,505,2.62808255219616,2.93070331773101,2.97834363173733,3.04861112522118,3.11769810273212
17313,22504,17434,234,282510,15834,3.33455355113159,4.0416305859614,4.05852794515572,4.07868949748647,4.08575540789331
16173,355,279,230,22017,45844,2.46067976885568,2.57270253516666,2.59852170648202,2.69707506273963,2.87893354226218
14299,297570,15816,1796,18119,17650,2.63877124829359,2.70043378055611,2.82868268414199,3.01294711733968,3.02510143418164
2371,45862,21094,2773,284793,207363,3.07402723890757,3.08813044853148,3.24247790502954,3.32493156175029,3.48066609928388
21713,19310,277285,21115,292006,19574,1.90379457634259,2.19749335239586,2.43009684692676,2.52546176347589,2.67361723368015
17946,212217,3459,169007,264196,76166,4.71843935834797,4.85467253522808,5.31872975384368,5.42140197833098,5.73124402322311
58287,27719,65657,128,24432,182,2.23040846981272,2.27868437505829,2.45983532197083,2.52132385837113,2.63901376448853
17395,16193,803,214795,806,1593,3.44918782880506,4.1138427367473,4.16409011044843,4.41017097101378,4.52335032399128
264728,297618,151294,231014,247,96196,2.59887334238082,3.44890489400988,3.54427566069807,4.0026109577512,4.10298075967211
253925,282656,17636,342,1927,62,2.72932242107138,3.13199237631743,3.158096602445,3.20755547798857,3.32582397690213
21530,24453,245429,1397,21058,21080,2.30375996173003,2.87573484272432,2.94000714830078,3.03926770738927,3.08579144549582
25915,169007,29628,249156,77096,32957,5.39821048812154,6.19828735564712,6.55570918827076,6.67502065885245,6.83587446507832
6999,75545,82370,19013,207586,25452,4.79764432630763,5.25427829269815,5.97044821114242,6.64569074498316,6.66905612805436
274886,286584,342,17636,32390,1927,2.6201508413429,3.30650724651652,3.4225831314286,3.43331508685847,3.48159234072669
59499,24194,17254,16591,264196,2025,3.15802381437068,5.2153571208117,5.34233517970502,5.35812448533516,5.41917420434606
17304,17434,15718,50834,18338,15671,2.39680922833929,3.06853270967184,3.17600831445879,3.77091551672038,3.77313619945733
36880,105152,3408,32957,19304,62557,3.65204899712734,3.82243909109847,4.02988462840036,4.04805841905908,4.24575596281828
60,266146,276107,106736,379,47591,3.16948632491566,3.30047463139687,3.55852484281702,3.94798427968396,3.97223264028009
15317,15817,19626,14624,17627,16980,2.87447746860132,2.87716720159878,3.05763111972902,3.08223821508134,3.10708114742408
3790,94792,163662,212,27564,10175,6.68200303136994,7.78323930148354,8.2119234427418,9.46497748444519,9.61610081174877
63394,76166,2906,36199,163662,2025,4.95860250019854,5.14549688188984,5.15396056398203,5.16820676218649,5.23222235162359
30458,20589,18502,22502,264276,18694,3.12319851878942,3.23049095643879,3.2403613157174,3.32150639790242,3.42129583024919
199010,126081,68231,4814,232423,59510,7.25920671643203,7.40429510540218,7.4328135458758,7.9111341491535,8.04974132869618
434,21262,856,491,247,254,3.20619270055487,3.53970801696021,3.79201052645223,3.90139432193536,3.99600489243996
23706,41058,23710,2747,17960,690,2.49409145416009,2.50050169916441,3.35862419037881,3.58526717362551,4.00892473585778
21078,33406,31540,30892,22235,21723,2.54747824823234,2.792363673128,2.98883651144449,3.28243919563178,3.31756592745062
315,2688,238757,249055,282481,21761,2.82409190406679,3.30355455861637,3.43230615559909,3.50743872592205,3.59085578305677
10256,5357,516,51211,15841,16993,3.70821289220122,3.81456744534784,3.84866855047259,3.85228408246781,3.91816673545214
549,73076,56428,17786,28455,529,3.62585906999627,4.47494065071282,4.56998514516506,4.75804428391411,4.78113208301762
47583,2773,2133,245429,21094,284793,2.42558365708838,2.62892962290854,2.8472030951481,3.21797936998487,3.33342282992364
14896,17275,409,19547,15513,169007,3.68889202586459,4.19516978362735,5.61278702375948,5.75680561984005,5.77213968269366
209162,2881,17053,15725,17961,301836,3.61993561306218,4.06565012910337,4.24996487601426,4.31059688675087,4.47922193237981
27442,825,16591,22509,778,19539,4.79703633807717,5.21575883682368,5.27674116385429,5.34211114222746,5.34564508928013
26502,20625,20612,11635,182,1848,2.63072905052782,2.65662927244622,2.94681859320459,3.00024726608168,3.04679329973116
245551,212217,249156,2781,15300,169007,2.28883277627389,6.19344982052785,6.66984809214917,6.79643728302373,6.861081187706
95920,546,15990,3408,21847,3371,2.43420150606969,2.55182252408604,2.9196829437187,3.44572139139944,4.58482408536461
16006,20058,22104,297656,18502,20864,3.1134923795987,3.17424079495389,3.21573245246493,3.46375206095355,3.49997362821655
17389,14811,720,19292,101569,15,2.43757051132839,3.26095273467831,6.70003219812058,6.76193325156101,6.97971545511332
19327,72,17779,322,2472,19343,4.22188914971473,4.73478308782689,5.58031756173199,6.65435083349905,8.1450710613163
18800,212,27564,76166,163662,50823,3.2206620978694,3.8956359030715,4.07456069645837,4.31188113951484,4.49524455356649
544,17275,3408,19547,2781,546,4.88651977356126,5.23977336349972,5.28957135690004,5.66697338529367,5.73568489538111
2863,16839,18351,15820,147,6459,3.02519236252442,3.37870150874804,3.87165809327675,3.91498786685199,3.99096174674934
3283,6516,26650,47356,27633,176133,2.96287226445032,3.09555064987249,3.26821389392843,3.32408358789902,3.34898799599966
22470,442,16983,20707,21061,20866,2.53519507960131,2.68314913337548,2.72336493345648,2.8321554438293,3.06146533460667
3542,2605,1019,207363,4702,175930,3.46692980164809,3.49356349254403,3.57581036317877,3.63292658690001,3.65347999881042
18662,21042,10547,24724,23638,678,2.68559682100075,3.11346950379377,3.42094638041904,3.50281236571281,3.55465207343109
3226,789,17434,18338,24023,61,4.74864912049047,4.75333921243405,4.82059047337453,4.86602286023246,4.9130789649805
4978,12464,2346,15300,18330,778,2.00066773747035,3.74416317929995,4.42649841806736,4.53362096812073,4.63884571881821
207498,29558,145177,15708,4898,4597,1.26616347165628,2.91014526264516,3.18452418012793,3.36034363041953,3.70850003065217
20656,45532,385,22802,2736,20849,2.31147096059502,3.0852819550382,3.32110846576447,3.45517637951709,3.48177848329252
221,15302,470,806,754,14515,2.32401334255954,2.33339884096183,2.46282240354456,2.77391635171807,2.82993121405272
89917,567,105152,1501,15513,19304,2.88672443834369,3.58663766188126,3.69062997701743,4.26690062055635,4.41791736118322
2420,2668,16993,97439,32896,19626,2.49700609041039,2.56345394089263,2.63217071288622,2.68763875912799,2.78254934980204
89783,19033,18330,32957,30445,105152,3.76544756624615,3.90141332338347,4.21892403263099,4.50560927322045,4.51894483118602
277488,30445,63495,32957,19033,20869,4.11003890443268,4.15060105213079,4.27189209128046,4.35488424235925,4.5081502658427
15514,32390,22000,15980,1927,22250,3.32107235087327,3.43450861720916,3.49260933907214,4.65624225881093,4.70955665838941
312459,249156,169007,567,36199,825,3.64003690847206,5.1057456369905,6.06361446176983,6.3019947297516,6.31119952822867
16614,2781,778,105152,12464,423,5.1659984054542,5.52609027617812,5.99437347033696,6.0136089370122,6.02066714411345
3352,16591,3371,778,3408,546,4.2069234574869,4.57147169716999,5.12470047725032,5.45930488284036,5.51847426993399
192520,296335,20603,287873,267456,18502,2.88410581967009,3.25483954378425,3.26009286317231,3.53261069139699,3.76107053329708
4586,50762,2781,3408,546,15300,5.17682152918751,5.52472513571004,5.94709311492973,5.97273432186046,6.02219410622165
23492,23514,2747,23710,17960,41058,2.84999070644823,3.26390098768674,3.43471764648323,3.72615335481878,3.8438348202245
49717,264196,2781,63495,825,15300,4.10143707644493,5.15191807123045,5.23126419993168,5.79084347254234,5.80941518394653
20576,277285,253902,274889,20606,69387,2.84795614007441,3.29895735665873,3.44919890653722,3.50307848756203,3.54184155516937
22218,15331,478,48607,22022,27977,2.4691841702261,2.52719574879272,2.56471970429463,2.6350768946718,2.64897606424777
18226,210759,618,18483,291554,24418,2.53083631471644,2.81453260744152,3.39919789361424,3.58576862285844,3.65860383920796
100065,77096,20869,266,2985,19033,4.33729696293931,4.5340477872651,5.12615175632996,5.18752985025796,5.68909049615004
12170,49372,48788,203748,203769,2662,6.33207974551797,6.57491499547496,6.91876293446576,7.48199332905994,7.54951933307278
18314,520,570,130099,343,224,3.3779997520636,3.39106661005019,3.4811584149054,3.50492667313183,3.55478164256403
3524,15675,282510,17584,15537,61499,3.35955232076099,3.72832928622675,3.86505464262069,3.90582639574706,3.96836746561438
18846,18831,21061,23155,8734,398,3.32229774227634,3.33620856807114,3.76711746890538,3.90253794139996,4.04353692419947
17258,50173,329,50843,426,2927,2.58334661518007,2.64206030077315,2.65091777487829,2.65255957180034,2.70881335664469
33752,63495,668,68213,18330,62557,3.41890619484125,3.78606986851404,4.46450288164047,4.61005051505268,4.62010742872188
2612,15300,264196,2781,3371,12464,5.61113679010439,5.75909059151088,6.05958022827927,6.40329274796663,6.50277250900265
24229,742,2345,16587,5868,74345,2.48246535955607,2.62276748528013,2.66008319062607,2.68885431144619,2.69134653765008
853,3907,17636,185180,2524,276323,4.16375510604521,5.70653516074723,5.8788102919473,5.90570223425451,5.95722531077327
5190,201,553,25226,2623,270417,2.05928250983617,2.25610198027538,2.3464054652389,2.36558202861218,2.75131136134795
47571,595,2780,48226,2832,89,4.84224032965296,4.90117275032929,4.92304410022967,5.20743561473339,5.35157390919634
245564,2781,212217,15300,264196,50762,4.80402090174139,4.970011574753,5.07868792551756,5.23865233482146,5.7114431857925
200,17312,22085,61,214795,16193,3.04583100826484,4.0028799284997,4.08603670389084,4.2800323902887,4.28388114000021
88167,18483,18019,856,59171,224073,3.07401151732605,3.28348296942002,3.41147362414779,3.43735316322415,3.47456419033214
925,63559,62546,66567,594,243563,2.78115840823837,2.83677943843977,2.94407617743147,3.11451297150686,3.1459947688632
19008,79881,50823,76166,212,163662,1.86195053957499,1.89293273533168,4.65333169192908,4.95825610816394,5.37309372936568
721,4622,546,3408,15990,54,6.94815663003249,7.4402983126666,7.69199534103972,7.7876203841629,7.83907885961763
14992,15519,214795,14391,803,17,1.75837097326094,2.89373552779629,2.96012447987119,2.96199582092528,3.13322309436054
236676,77096,20869,2985,32957,30445,2.11859734733956,4.06962286633424,4.77830787189254,5.24376781944151,5.50961486625498
737,14624,18341,17627,15519,18638,1.24657666410674,2.38308563579714,2.73443280623326,2.76870434815096,2.86132372014903
16339,16267,163,111,591,422,2.57250194203185,2.80080400937149,2.93663529752499,3.17093506923724,3.25346925075263
16161,941,5725,56428,16643,16647,3.29526920291025,3.44889055096469,3.61203994978644,3.65384178106656,3.69771662541496
603,291554,22251,618,69387,1796,2.77389968856381,3.22171948914423,3.26197631756594,3.35334992138294,3.41305236516932
10147,16264,188233,16796,72269,16475,3.82429728704359,3.83930461477584,3.93960474403079,4.00664288860685,4.04269911676845
299144,282510,789,18338,16193,17434,3.01558861848178,3.51886633918288,3.98033053355823,4.03489178897021,4.08712639475767
88178,32957,668,77096,264292,63495,4.232636509653,4.95261319693492,4.97450266761186,5.10629961741058,5.16061990845892
267483,4558,145177,126,14702,407,1.47406165389697,2.75125280218026,2.9192502053709,3.01581272405679,3.04922218624166
202126,22017,20852,461,72208,520,2.60731590538958,2.83287435718558,2.85080202449765,3.30263657416308,3.49930851755763
346,499,18338,3299,348,16053,4.93737044372238,5.37386881226731,5.50612051363277,5.50727415220231,5.69132571861153
205994,778,169007,567,16591,423,6.7628314967578,7.12968531227192,7.60498191527029,7.61240766024292,7.62072402326717
38623,38602,2916,266,30445,2025,4.77339666058743,7.90175937254664,8.0752023282412,8.34186217462998,8.69512088148093
540,515,18324,17,290650,15671,3.04480225086187,3.24237826843911,3.32305599831978,3.33214650598968,3.34049374725078
20270,32957,77096,409,15513,19547,3.27571245048614,4.52920787782156,4.72960044473895,4.83852892528261,4.91620988508023
75499,249156,169007,212217,15300,77096,6.19438128486169,7.19226428473769,7.69188440041387,8.19714088999512,8.3156230723718
184976,478,22481,45184,50173,329,3.01676484284454,3.10499066972919,3.35606509146072,3.37761728578658,3.47722617978453
128105,14310,266085,6164,224384,14313,5.15933873326169,5.86603962496341,7.06338417483709,7.7493437693174,7.75628316809797
20073,20600,2351,553,66567,20833,3.01859440916159,3.04584589012336,3.14996507970049,3.22219262769009,3.24438976152397
11314,174,2524,444,36261,3907,4.06860656175172,5.38695748618615,5.75988918943208,6.17611780160229,6.2554226760204
17938,17950,141097,18651,105152,49035,5.78451447635031,5.86064282460333,5.99416995212606,6.41791194944324,6.44955383463791
18819,20273,18638,189,771,15519,2.68752277266064,2.85970775576278,3.09744830505753,3.35910270322822,3.39732648110718
28431,271680,18799,19574,22686,168946,3.32538900892884,3.39773356785849,3.57551846499649,3.63165478850006,3.676006580478
21717,484,26,2529,200162,69455,5.04688404421299,5.63404061805336,5.87467994663626,5.96718405674259,6.00799451308127
760,420,18808,1042,343,17584,4.13531837970239,4.25012687304051,5.03196969441557,5.47635453947761,5.52306612177047
2445,440,297,572,398,30754,3.83910802127823,3.89850167439832,4.53171685565863,4.59039555684638,4.63524504572814
32112,20604,51194,789,22009,21051,3.04451273453815,4.44782715606987,4.61804026276762,4.84488717160327,4.88742938191402
21487,19063,2573,2147,265,267,1.84291493745957,3.76388240283245,3.81089824543378,3.81937504085343,3.98712683295245
17407,286584,106736,122710,218974,21778,4.57718887859118,4.72861997153117,4.76201552056813,4.8046052149379,5.0511462335392
15313,85645,21490,16330,448,15972,2.59640517717,2.63774721323186,2.76916194945037,2.8747824685652,2.99905678328242
15666,48453,17776,37744,14985,806,3.66336210836267,3.67831819309913,3.78634191071919,4.09505631873288,4.27084216702478
24450,683,1397,21975,21744,101129,2.89542977356711,3.35382673531072,3.37123780037852,3.64392566136007,3.66308577128912
20825,249156,169007,266,567,18330,5.34452750273921,6.10424976347234,6.42888036272908,6.73893875453064,6.85017533537939
225923,194689,17786,32622,19063,342,5.35531982837233,5.37915767572954,5.47475021629047,5.53467963952937,5.59548529321482
28680,20604,11792,21051,51194,21055,3.17330039449608,3.85513512428851,3.91349677348726,4.04081430999232,4.22644974136258
23423,203748,203769,49372,49366,2662,3.68394453285308,5.25337605998302,5.73916513576287,6.09405362494423,6.29890693555945
4548,75545,5956,207586,19013,9313,4.35987930476746,4.7034484053981,4.84740663407876,5.86868409740706,6.07508217520685
2827,778,423,41,15513,409,3.69600305815771,3.75984005955902,4.32067260725604,4.56652551870921,4.68542354950717
5628,330,591,22014,27633,207363,2.30306540239539,3.68833777604097,3.6932348319382,3.88471289767484,3.88526378686955
18648,18828,10547,33698,23193,18463,2.47226218022865,2.69537516279924,3.08760290626621,3.12196816924864,3.16233556915017
3462,76166,169007,3459,22509,264196,4.87809572990008,4.9590904676773,5.01871884632746,5.29230310581672,5.54207327700616
7039,75545,9313,19013,5956,103947,4.18917329993951,4.26370545498488,4.35310850357922,4.4302611431944,4.83782696120276
3849,191168,9313,19013,5956,25452,4.59701846871587,4.69015352148846,4.7370933182481,4.87874100862142,4.89167463819398
14699,14701,913,18339,17190,18836,2.34432501519056,2.42895615403891,2.64960272407577,2.87623924959621,3.27386393483377
19040,20612,18823,264100,20833,21102,3.68162134943592,3.86064593329634,3.87843741910032,3.94568351631677,3.98297532912814
61475,6898,2985,1501,19033,36199,3.03211502322186,3.98936957956221,4.21342448109866,4.27151127470185,4.57402135439132
36231,4061,2000,461,30743,16983,1.85830334625563,2.6491033932027,3.06025170547666,3.27586920190364,3.52535276089674
16982,771,14392,14624,126,97439,2.84148478467825,2.86659791152694,2.88593572313687,2.89136317210072,2.93050029981021
16806,14985,2640,461,22017,17776,2.16936171759315,2.20289786526713,2.28121854679161,2.60617208380345,2.6682045207793
21116,29628,15300,30445,2781,20869,3.80328593606347,6.24398228645999,6.49364778750041,6.61617413727505,6.73246308666113
16446,19915,8743,32336,15813,892,3.87401968307837,4.3648712143789,4.37663945841717,4.507178850363,4.54279543662738
16266,778,14368,2346,4792,41,6.9233871921276,7.01303139032779,7.14946074673234,7.57959238360074,7.62221221128103
15431,461,20852,2668,79118,15302,2.65023917937701,2.93242625065518,3.0030376926129,3.09082154523919,3.09887547576391
15868,16591,17254,24194,546,24275,5.69908232804609,5.87815249804805,6.16862418700704,6.28613587603193,6.46400378997126
111225,2147,265,16170,2573,572,2.01395992087532,3.28882466220833,3.77084225071089,4.15647256909202,4.16380472836209
97,442,781,4876,2573,1933,3.1088681689135,3.1260555278455,3.27502801965069,3.32728909682593,3.57340706435216
6181,9313,41056,120924,5956,75545,3.45289068895727,4.03389968693696,4.12888443641934,4.50790695778704,4.82866189700171
3071,431,27977,217447,17650,22021,2.20904368463691,2.65561386851634,2.66926722685675,2.70065486061298,2.76623125867402
20081,62557,68213,105152,19304,50762,3.99710685863874,4.23019064108797,4.4986281166393,4.52512471366868,4.58103566156857
2436,1052,10896,583,182,6516,2.06206311296294,2.22537048808495,2.30384445346229,2.32721136645161,2.53596622856948
3004,278510,47591,247562,16643,447,2.59841229265208,2.858346917895,3.39216231734193,3.4733094561744,3.61231951170759
27972,350,16900,22316,18129,50173,2.85855666066437,2.86950634222261,2.9677568000043,2.99942540440143,3.14373361571372
16171,18143,16793,27977,350,3457,1.68232829696708,2.45359992644573,2.59604506748272,2.60884002973644,2.86075167107953
1174,107,265,23241,290650,15675,2.78575321042573,2.92632098092103,3.27707847432007,3.53516332085033,3.78692234392352
30696,409,45219,17275,15513,41,4.34918166040678,4.77161937121425,5.08424522991105,5.11271882560605,5.21267635268924
245649,41052,40987,444,2524,21368,4.54788658693525,5.81772074608943,6.2928896778899,6.31576615064542,6.835043648563
21773,16086,21499,19014,440,66565,3.43937981636691,3.54157418386136,3.73621602088448,4.13981821267375,4.25220025991064
54657,134405,2832,343,420,124572,2.85938799385973,3.05120594964441,3.28467640176713,3.48896651237373,3.58460093094447
67356,1551,203748,48788,36199,49035,4.63303392569092,4.78515867597425,4.82642711512528,5.26604323690541,5.53231964557303
73316,20681,157309,3507,18651,2906,5.10770019732414,6.57105950423836,6.91049725458818,6.92400138553603,7.40889418239861
2955,300535,278510,104,301864,82851,3.21800738697403,3.49997245006493,3.5972262806892,3.8173168363688,3.87070157334679
22932,30743,72208,16983,892,20707,1.82519114808646,2.63024738576932,2.7927707223451,2.81423972818699,2.90023352824855
733,25451,22022,20256,333,21059,2.90230373175915,3.12174412884528,3.29604032344744,3.38490049520018,3.41170951371373
5027,27828,18828,16789,23193,18109,2.91496688154673,3.03086407465145,3.16577925669181,3.21161031816452,3.29128739690025
22923,17636,207629,342,20839,1927,3.12930173263351,3.34021226629425,3.37181251703153,3.41518025786743,3.56413579376264
248986,39243,76166,49366,1551,169007,4.79207471149628,6.34959650449205,6.80816580235491,7.54089409042683,7.84434854716743
2682,7921,3408,567,15990,29628,7.55833679571603,7.97300594912497,8.20520390210443,8.34256110942596,8.55956778689812
282488,21976,1927,265,17636,342,2.86778279780471,3.21085786781962,3.33077672188347,3.38795072032412,3.49820567946378
19552,5683,128,16587,7894,289406,1.55026483460088,1.66970180996092,1.81201477906835,1.81345080380775,2.1723270896289
22457,36185,24342,36199,1551,203769,3.12878081737124,4.43930429221587,4.77494091210136,4.96720322182867,5.15968195793218
10010,249156,264196,141097,2906,3507,6.29242270546108,6.68224887617803,6.8182542765191,6.95497485815218,6.95632923777209
117,15300,29628,2346,41,17275,3.10272819434446,3.65586301175306,4.56526760456506,4.77425596212021,4.92101629257442
32305,5956,9313,19013,75545,25452,2.50765333680184,3.40050061358747,4.12662446903931,4.48856264916869,5.10448378973884
41575,18330,71220,77096,14368,20869,4.54022111258381,4.82416741336148,4.90480714492647,4.97880073781868,5.14463492346837
284977,249156,212217,105152,18330,169007,4.5326226747578,5.96052081876072,6.02680322766707,6.0889972779695,6.10132001642892
23980,21061,442,20866,22802,88202,2.06783938681233,2.73079298085967,2.80746157766386,2.99665710940458,3.146638178527
697,24713,19014,21119,4597,2738,2.67029140076129,3.20305872670985,3.25802489363135,3.41709777761908,3.43164439788938
77202,265,62,15675,17961,290650,2.94412153793509,3.49007464190373,3.50977114278552,3.5306931771926,3.62939112180776
50853,76166,163662,212,216371,50823,1.82130516311611,3.2906996145233,3.84114360658696,4.14652242817227,4.35929492496682
161272,4500,61503,398,8734,21061,2.97131367813411,3.64969047854347,3.9965502473801,4.02332689622264,4.04947196153983
503,278352,25451,333,16264,44955,1.34923076593346,1.58331508252287,2.80721030725909,2.84348950613332,2.85332636537648
10268,141097,10295,1501,264292,6898,5.0402607358384,5.14021216015295,5.22446426510989,5.25123288145362,5.30004394707665
4201,50762,264196,2781,15300,62557,4.48021890650985,4.73224100655979,4.78319229575513,5.55796436064293,5.92905081989992
30,203748,203769,24342,183,556,4.95885441114863,5.15165646664602,5.5108038409295,6.09446974829433,6.24647329271634
724,3371,21847,3408,15990,546,4.62261146201623,4.64558405291099,4.77292069101657,4.80225829523645,4.84885841836418
703,493,394,14392,920,97439,2.16636095695322,2.38125381133281,2.40295874795767,2.4993689617386,2.55726824761247
253818,701,18019,270425,23431,20284,1.48047968535629,1.67518791489998,1.90578220665022,2.05944596540033,2.51543192478187
86695,174,36261,2524,21368,444,4.3939228314716,4.69315512140907,4.70315877653264,5.19128397158586,5.39498209292958
109866,4622,30445,1501,18330,105152,0.607434015827697,6.78131927326753,7.06342969691938,7.13455277703147,7.37741369748869
3777,1580,24500,36326,17184,26148,4.03717117784025,4.1535342726688,4.43149059743816,4.53823554366755,4.66974053345239
5142,80182,2836,49,16597,30275,1.75003273690116,4.88766899506744,4.91745572150676,5.3782006218763,5.92875672263691
45884,84995,250392,61,19316,268,3.3886546340131,3.58025929525036,3.95965096117803,4.0183836493205,4.02878005504619
99435,66567,6375,69500,78201,62546,2.43145587825153,2.53672283781069,2.72869222660834,2.79226693295515,2.80854621573126
19055,50843,2927,67280,49060,22316,3.18167624704658,3.34381963310601,3.4376297583771,3.45783622344402,3.47362864806658
26635,297570,284793,3563,185320,47631,2.50410980661972,2.78726041515633,2.87768217052448,2.9978918942545,3.12738418449542
224115,151294,224073,274932,856,247,2.33784060936354,2.41118948443771,2.60869092718306,2.67377862025569,2.69180933723166
18140,38527,15434,15412,21737,223996,1.77392676164321,5.1119531654246,5.20489431391545,5.49598239777223,6.48430032097637
79841,63495,668,49035,32957,19304,3.13689346559779,3.5031224140415,4.08640343058855,4.44952918892421,4.59461427761344
18323,29628,2346,41,778,15300,4.83835639382045,5.03666872337383,5.36993586198264,5.73971484834199,6.06793556270727
66546,50762,87510,18330,105152,62557,3.18330375702172,4.8940997943093,5.42760837966713,5.60605382350409,5.6334973760633
228,474,14497,101569,720,69518,4.48204842673226,4.51124128933383,5.37245730442362,6.50140599890286,6.75546094716388
17935,825,49035,17950,2985,63495,4.11514306679521,4.29908098777196,4.43506518841472,4.48471765419373,4.67437751200768
3347,24194,264196,3459,16591,22509,3.76851412797202,3.96440830708527,4.49642963834255,4.70690613346346,5.01881990758552
289300,243649,202124,122701,104,22504,3.91263309211746,4.1203860313577,4.25895858126711,4.49331555065514,4.5315711482568
18337,3663,204704,24500,16832,571,3.34607218399724,4.30614286686713,4.6845148422534,4.82675674802976,4.88261753900804
148,4898,5156,29558,4597,15708,3.03700936890755,3.14194741836975,3.51923026578336,3.56496245711367,3.76377606081062
27121,8743,19915,32336,14194,292,2.47309223435272,3.00942351482148,3.15294472031261,3.43336384979094,3.51472739114775
67188,27583,5876,75602,26896,31562,3.49805127770413,3.91820629897205,4.03832434884102,4.12004188005708,4.24354694476549
22244,87510,668,63495,49035,18330,3.15909771385085,3.16902209340021,3.27381579896676,3.55154473025392,4.47711863121803
51246,12464,3371,3408,15990,546,3.37626655261121,4.13223843312372,4.45174131790415,4.45891935555269,4.76836928008866
669,249156,169007,212217,63495,668,2.66566209468216,5.94646629434325,6.68643804544508,6.71385273956871,6.83938565224715
910,29641,151239,20284,701,20864,2.22184309337232,2.83594636947991,3.02522691782466,3.03789194252275,3.16099467718366
218826,49366,2662,49372,203769,203748,4.14772620182439,7.37714136226292,7.54046921409724,8.0087607192503,8.08108916485407
48267,1816,27269,26650,30775,243563,1.70495329791125,3.59742428562554,3.60660715962597,3.6572639562038,3.68705379764582
27749,21736,202124,6797,89053,2881,4.95732458524568,5.65026255745137,5.76930919562043,5.77860509512758,5.80363549179301
71105,189706,188304,19574,292006,247,2.62863460425491,2.63723189140832,2.65458734501292,2.74547850221169,2.9706736987168
168816,168648,179254,175930,151384,16309,2.0772381127231,2.18974545678721,2.25861427255958,2.34687639159734,2.41810354475234
24204,48388,437,21737,21728,15412,2.88258544236743,3.35590902201537,4.8119614725713,5.8771096165815,5.9051084240453
18479,6898,36199,45219,19033,2985,3.96840778407415,4.0120770803542,4.54083356754019,4.55722799772744,4.80144376186841
636,50762,2781,212217,264196,15300,4.66334210581585,4.75838122772008,5.00773013274764,5.28079336060738,5.38211953359876
16057,21847,546,3408,15990,2781,2.72666191468469,2.89381087808416,3.47033443565896,3.89507144942376,4.88299591633517
71164,67275,26896,234572,3064,27977,2.5350613896773,2.60328101438257,2.79250095553851,2.89779085753162,2.9262503236418
20610,2695,21058,26896,19545,264,2.65895034083469,3.11628253882674,3.23636486948271,3.26289352371232,3.32645042034784
924,24713,1401,2640,124572,48453,2.46673880267801,2.92922117630241,3.12517818748154,3.20021411628673,3.23073907754954
66399,3662,99367,185320,188304,16165,3.47358115256709,3.48616827371968,3.60753775665144,3.89832968886092,3.90368482251695
57720,209355,47812,18677,56443,128200,5.35755999234781,5.98270494233319,5.98875436502471,6.19663817288389,6.50738414304188
25233,19304,3408,546,2025,50762,3.93259811100798,4.55236144556612,5.05182147898618,5.13379812759861,5.21804881410746
19003,214795,40001,18812,16053,18341,2.93460900605474,3.06818754026453,3.1063625220165,3.11068762067571,3.13712028740561
405,85794,502,2732,19316,16262,3.30644410301145,3.44879089817444,3.47991308846191,3.48235716751436,3.55559701166854
16274,12464,50762,2781,15300,62557,3.52664340859635,3.85423781845516,4.34968361918168,4.39349258571215,4.44528685590853
63388,122710,16647,1927,17636,5725,3.20769150232178,3.50934261379991,3.99668073048217,4.03997231554209,4.15074135474084
131403,21368,185180,3907,36261,40987,6.97142340360224,8.14624993575933,8.16606801792523,8.23823244055631,8.28716056501408
769,15880,79250,19338,2421,21119,3.08153685118058,3.18141508736411,3.24624058605971,3.3699711188533,3.48526967945122
940,778,15513,12464,17275,2346,4.23650484772344,5.52894959696402,5.58659673892594,5.65392166121581,5.71189575962844
48488,15834,97439,16494,515,754,1.8313760103529,1.88701129953286,2.11001247116047,2.11265158676409,2.1661006897256
18352,247,151294,59171,274932,23431,1.37549955815424,1.55758135781834,2.40315832667292,2.42551149763443,2.66143679792555
34848,778,14368,41,15300,5308,5.35519521622323,5.96245946835623,6.46046301487412,6.52402405344665,6.57185005522676
18784,20625,20256,20633,17263,5762,2.87502958834888,3.17714635744045,3.21150412548643,3.75363183998405,3.76564532924766
5398,22014,258,830,483,21744,2.63214571058805,3.05507969936255,3.29097052350775,3.32247055253988,3.41306463423796
238618,21746,234356,29628,77096,17275,3.86680327506109,4.28332953951469,5.10312741516394,5.12568315412248,5.42806882957987
23153,21368,174,3907,2524,444,3.85950068398821,5.035225508966,5.30464618557675,6.00863339611722,6.04831187725297
111235,266,77096,19544,38602,20869,6.13880018618185,6.62907424237982,7.26657297992717,7.43951318316643,7.83377484515108
609,79953,20159,51545,66565,20707,2.86394784883149,2.88087241255983,2.99282219564243,3.22820565552523,3.33534589029185
21066,5760,84856,448,20794,5868,2.76123831413204,3.04158151619304,3.19827806172111,3.21118080410208,3.29465593220035
100,17275,16179,169007,19547,29628,6.56331434173267,7.46706669694101,7.5812357228803,8.30505881610424,8.37725066491637
285519,249156,212217,169007,567,17275,4.83198137461154,6.55214249757327,6.75910022714768,6.9052674053948,7.27698044454935
282509,234794,294122,1413,61,17,5.18852914091371,5.87139568378921,6.13250992323059,6.22915102482166,6.75175861382215
6704,249156,49366,169007,264196,825,5.1155154417491,5.56933947845337,6.46506916811863,6.61902748399782,6.98426179835603
89889,5876,27977,416,591,114415,0.459975993460957,3.7252862970095,3.75821145797093,4.12426669764565,4.24656969777438
26886,183,203769,2662,49372,225913,5.20884993493969,5.39746733041423,5.4259816456406,5.51867651726922,5.99001043469538
14199,409,17275,14368,19547,10295,3.72755690275703,3.77220059585191,3.94843955978599,4.18416708389342,4.2166492295659
272506,301973,284974,284990,218974,122701,4.10768215663279,4.51226135930318,4.56642927653303,4.62209673918396,4.89451377960567
20285,892,20258,195,299252,279,1.81257612403152,2.46427702906692,2.69415038700036,2.77066442761244,2.88650744342102
20842,17275,409,32957,169007,423,5.28086941337461,5.6115550143297,5.6476017596411,5.68082691725605,5.72853574586544
216271,24023,20271,20273,407,2780,2.79497828260425,3.64716019009876,3.8973309584188,3.90580243827832,3.93941732707017
5722,15820,17375,15809,5780,19528,1.27823955947376,2.62575390767511,3.12745447133789,3.32463734594855,4.1793296505428
69416,22481,67280,67275,2923,22021,2.73929825513715,2.88640628536874,2.9977730551761,3.08720435437086,3.15814940304171
40394,291554,69387,1796,24418,21094,1.29007154503145,2.82197206368866,2.96700745123232,3.05707352368302,3.13613233235198
21730,941,47591,56428,16647,278510,3.09087312920309,3.15132142473879,3.1917952538614,3.19182042677072,3.40367904604418
17617,163662,10175,24194,48454,212,5.11649120303387,5.29949206702614,5.83851135326255,5.87408993688057,5.89246172054623
711,32957,14368,18330,41,668,4.96581133745671,5.07026186131868,5.30426141278983,5.53929198097989,5.75538188590042
21495,17778,16309,21490,2345,5760,2.08990516323529,2.48887220993298,2.49998420502762,2.50492130066743,2.64866979063635
48223,65598,18129,1449,11039,22316,2.20048759064525,2.62639790322223,2.88858251818717,2.88899966908133,2.92130140359231
19006,21064,4746,6877,1848,24724,2.67558158994084,3.04556797764718,3.34534475271815,3.57951824115029,3.72418826699548
134571,41,409,2346,17275,778,3.45785280405828,4.22589693164091,4.47926789283516,4.59915329561015,4.6072916409268
3561,15671,17,15302,2668,16262,2.52971335737313,3.05463270340617,3.30027353899042,3.60421287283759,3.60974600119531
26442,63495,668,77096,2985,18330,3.36932351733251,4.33091102415467,4.5252597795557,4.68746372228908,4.94747067645205
849,2695,10546,73243,132,6139,2.34002301734322,2.46257655966868,2.77584595385637,2.85804301732335,2.92849199421049
713,14497,474,101569,720,14811,3.69577502437994,4.24968461730717,4.70781209270359,6.04646474725577,6.31177524937932
266089,163662,10175,24275,48454,216371,4.98588062523128,5.57985364332207,5.64472385095835,6.43560034572939,6.54905464600866
4073,297570,277285,21764,20606,19310,2.72492266141105,2.9420476378159,3.17286343906281,3.23274705248885,3.27313977085459
3413,546,15990,3408,17275,29628,4.794727883271,5.05001096615611,5.13458065261475,5.19425076412077,5.30510327379019
114730,567,105152,15300,18330,778,3.3160997809424,3.57908229658218,3.8517337429004,3.93065345742236,4.22438998426447
15524,15675,518,516,1401,2669,2.4833160306752,2.51750212329055,2.66951020760408,2.79771123223704,2.81349795912699
823,45844,51545,66565,45532,398,3.60659792279399,3.76800139247564,4.10457712614531,4.18698970650351,4.25801285614997
48766,36199,203748,6898,45219,203769,5.47548515370171,5.57094617955025,5.66568184223674,5.90916085183476,6.86772005959836
995,50843,220048,329,50173,381,2.74421508077344,2.80238154919844,3.09600570181287,3.14229040235883,3.22305300804417
741,2781,15300,16591,50762,264196,4.19395040947601,4.30049989183971,4.35658552137469,4.37912209918419,4.55748015592541
81062,157188,5731,67280,4268,77117,2.33874246710694,2.45418289550734,2.55760606727838,2.76490045031644,2.81839672430449
194746,249156,169007,49366,825,36199,4.6819459777525,6.55707307231133,7.43093940487027,7.73042841216951,7.84320029695663
365,163744,17377,19545,22251,20256,3.53432841710674,3.79235869935643,3.96523122889031,3.98765444344702,4.03804303268315
51737,50823,79881,216371,76166,163662,3.33390325070968,3.38373403365824,4.62076337364826,4.68048134864772,4.91799110486383
61441,32957,20869,30445,19033,77096,4.00443833183107,4.02255682618424,4.12173775585355,4.32485491762268,4.34666967131503
7013,18341,126,21762,662,1539,2.63493925089329,2.91466887353186,3.00395159434789,3.09550473955032,3.24080875148877
30453,21043,21060,32957,30445,77096,5.98986034676068,6.08514138738573,6.27546128661846,6.30917301316256,6.34369302179357
54698,163662,76166,39243,94792,212,4.85179941536544,5.80038310106818,5.88589851728752,5.99255917373511,6.14261043145209
116039,24194,24275,163662,216371,17950,4.24482443918657,4.56874512552682,4.59320983164089,5.01962647306387,5.13268516800573
18006,2346,41,778,12464,15513,1.97984734877852,3.05375901284418,3.41342532067266,3.50338587844554,4.02840997909461
43958,63495,668,105152,7921,49035,3.59512904201757,4.47221446715605,4.86878087464925,4.94793005722402,5.03369276970466
16906,202124,247562,20357,342,266146,3.71686815720579,3.75849763383143,3.8991190547669,4.03072185616321,4.23197538006748
19001,15513,409,41,423,14368,1.84221403931705,2.21296455257588,3.24512635603946,3.28984583006229,3.78818298674759
36377,76166,10251,212,163662,36185,4.96720177539744,5.12067007453276,5.23773917790308,5.28082596776822,5.87748907564397
393,15513,778,409,2346,41,3.16398317710738,4.142865730654,4.46490671818403,4.50392799328319,4.603615175917
3642,17636,21489,1927,16647,282656,3.10432579483081,3.26697827508725,3.51482004187069,3.55374936709295,3.59662532930395
21475,18338,15996,24221,282510,21055,2.98350073155265,3.67303425889593,3.83790959802955,4.00636812924446,4.12037006498762
8800,203748,36199,6898,1551,825,4.17972360966029,5.09261982245038,5.30153981653213,5.33277782900152,5.61777958998251
289213,297618,856,176440,151294,21721,3.41218934590162,4.40517914111419,4.52626790796323,4.61059950462914,4.62673754701449
131,572,2736,22802,29805,292,2.33415019538189,2.41167068731968,2.58056950417967,2.82458051042947,2.99164904046543
16032,23,45862,16330,15972,16186,2.37277685097031,2.84355256458557,3.00751786415874,3.06498731223937,3.12152456807031
20605,2695,560,264,18823,10546,2.0447950875401,3.14197271429121,3.18274157103743,3.25950685973708,3.29315605896666
28480,90763,6117,4708,5420,22460,5.61649107405281,5.83987632421047,7.03419809491905,8.12620106063142,8.79517306551835
2801,3371,15990,546,3408,15300,3.35391178800651,4.09814755181206,4.30542748886753,4.73765010746719,5.05505425292684
236982,25226,270417,19324,21764,23,2.13280503589216,2.19139441122597,2.3331803366321,2.34793442976239,2.52687380373874
3544,20159,2421,21119,32896,18826,4.03305423224885,4.08841555184111,4.22449179237569,4.24590723136011,4.5451793909858
215,2025,2906,141097,48454,49035,4.41173826335114,4.87480518659728,5.04135869959272,5.10224176612305,5.18494773596359
47332,14368,18330,105152,15300,778,3.96225051523003,4.55353844005318,4.67623321027886,4.73975285711325,4.80474826410763
24449,38602,30445,32957,20869,18330,3.93949783482163,4.20309037922739,4.55635662100241,5.44323599451957,5.51048281509671
24321,77096,2346,32957,20869,41,4.52225461759727,4.59321738962073,4.69671148020254,4.99459719786834,5.05073451023142
207607,249156,169007,49366,36199,264292,4.85477251304586,6.31372299302051,6.73500842515188,7.06094842721156,7.30943810174019
80,5780,686,24,14515,1042,2.98493888676667,3.01353319611596,3.17413765218984,3.33622962698128,3.59972056915559
14197,249156,17275,169007,15300,409,5.53435787810029,6.16388124713129,6.47017607021498,6.83144360552623,6.96353672229487
31288,2662,203769,49372,203748,48788,4.51287077179493,5.03155844495562,5.19406809267061,5.24650004276861,6.13529594791557
15842,2781,825,264196,567,1501,5.2498738009777,5.33923636403302,5.35248070580718,5.53055517973542,5.57463167087686
50419,49366,2662,1551,203769,203748,4.41180704745244,6.3071105014938,7.14405816917685,7.79432248722983,7.81915230966206
48620,79881,50823,22509,76166,212,5.19378216257047,5.4550364366267,5.73914599177421,6.39674747883762,6.53136808458378
1410,264196,567,2781,825,15300,3.63884381003745,4.84217400915572,4.916084869522,5.31605178756313,5.68124448218633
50845,17434,17,214795,325,19528,3.07538517792854,3.21768181452604,3.41680302065077,3.5205378876118,3.62523968841954
18344,17275,29628,19547,15513,409,3.58283352867657,4.47101393836754,4.50116891421798,4.51304466640316,4.61885916259793
20254,20284,151239,270425,20288,292006,2.45945598290128,2.68552067239226,2.71430221199042,2.77124964402284,2.92519800415921
38528,38602,30445,266,20869,77096,2.81998677329837,5.45575134464242,5.96712236470065,6.32005635423555,6.51122517153819
564,185,139,17776,397,515,1.54077948931235,1.55194231858482,3.90954094561652,4.15633012104471,4.22261535302695
47816,47975,571,1168,6375,59214,2.29080196043801,3.40644449374187,3.44882398196612,3.51650122760837,3.57893576947748
3963,249156,169007,2906,212217,105152,3.84600759019624,5.99856919156471,6.47488674208397,6.57914314269206,6.84768503373502
239,264196,2781,15300,567,50762,4.119689257287,4.6033898490843,5.21074011314286,5.29246086289328,6.26017055855866
26115,31605,146311,278882,292006,31570,2.30773603086103,2.44232266769333,2.60039916818673,2.6466240870907,2.88604674300585
224060,38602,266,2916,30445,2025,4.51362766794337,8.13907970417448,8.15524811749113,8.30687676015791,8.69674233308013
3444,163662,212,24194,94792,216371,3.03395938848263,4.03426953846598,4.60413282970103,5.00527051579586,5.12649173093001
22474,22481,25226,2623,426,553,1.54173537212546,2.15640441847035,2.59267644842631,2.93633697948416,2.94849059763379
15814,63495,49035,62557,50762,87510,4.21604579129331,4.23322498583721,4.27921492397043,4.81712358759389,4.86357141892536
355153,4558,145177,213614,14702,15821,3.00742328162684,3.57415434193451,3.59834878992236,3.70517743420359,3.85238828594816
227390,10175,163662,212,24275,10251,3.62394959473463,4.17510151531156,4.78556512362934,5.64219464635872,5.6911684323431
24330,203769,49372,203748,2662,1551,4.41667949214415,5.01874098946318,5.0672824217021,5.17860300214955,6.62477251971847
150,9313,19013,75545,41056,82370,5.5968111428563,5.81685778868963,6.24691621533316,6.46487594685297,6.54613996617109
19314,212,163662,27564,10251,76166,2.38531312688612,2.90095234160691,4.39569550491555,4.55299847320158,5.04229269066372
20907,102,72208,195,394,51545,2.81835629700051,2.9019996964505,2.99455974923741,3.04260203527781,3.13805837211283
50438,19010,26650,17190,72269,20256,2.25510105633635,2.83463911490678,3.10154563869707,3.10482034406287,3.24863853622664
18999,18828,33698,20836,23193,10547,2.31860156621671,2.93666683197322,2.9562553073926,3.04639081567581,3.05447737573292
259360,126,137089,407,141,24023,2.70231992978619,2.98585170235574,3.02012865857188,3.12756631423604,3.29527236007705
17182,2906,2025,50762,62557,68213,4.33756331911076,4.65887783125004,5.06079118731743,5.27624158688707,5.33865548022409
234862,5725,16647,56428,266146,1927,3.72218427095269,4.07023076572078,4.30029817090638,4.36703437072878,4.40723123444127
258560,19528,22085,686,16086,3645,4.96493339700386,5.02852789109884,5.17044818326071,5.17098076138883,5.25140922608174
3484,157309,2906,3459,264196,16876,5.26150592599496,5.38089213672105,5.56963524325374,5.59039312877952,6.09460008182626
2510,2640,2668,518,17776,18105,2.0968926944353,2.62827994053209,2.77058152438888,2.81082290273901,2.81902008819929
22150,18330,19033,105152,71220,567,4.66235254864629,4.86447433345225,4.86831442609845,5.05753942449215,5.13792568553483
14383,409,14368,41,15513,10295,2.03144892113042,3.27385879585907,3.47707214560792,3.59286594664759,4.03033465473078
2447,17650,217447,431,26148,163,1.86389256679405,2.18161922944364,2.30603190032815,2.43374279673327,2.47555030297438
65,298063,84174,491,20058,18473,3.59490376131229,3.8036154057296,3.80789284846666,4.05038973443905,4.1270334112884
262,52644,61503,4500,398,20866,3.4558795503361,3.68567772470994,3.84591704111123,4.31037119260255,4.45091371630409
21527,29641,20864,20058,298063,287873,1.78158566419468,1.96197478219311,2.18762497180125,2.24087394028618,2.73484554443269
17942,8799,16575,2985,71220,20869,3.80436927160923,3.8719501900454,4.91612550705349,5.17634254025929,5.43320681890251
20128,291,101580,24131,292,19915,3.37106411432411,3.39047421532052,3.42061902202717,3.45986815406257,3.63142681688297
128290,202124,17434,50834,15718,6797,3.07155993747999,4.2400326608464,4.6718860024502,4.75589615015418,4.77078537607299
14486,5654,75547,5901,2807,266164,3.06483466434765,3.197302278695,4.02695281302611,4.31477654145917,4.54756013973977
6599,7921,567,18330,105152,63495,5.27393768756807,5.35134089043714,5.48112947364625,5.58330711814808,5.61054206700418
24442,169007,17275,29628,77096,266,5.89261696961711,7.14843125524948,7.27618413050659,7.29809230112206,7.73522011577339
46297,21745,17275,29628,19547,3408,4.92731358782138,5.25991943058617,5.49408186858809,5.85491905345535,6.13109678753652
20341,4792,19033,19544,77096,266,7.55023284162063,8.01800913024441,8.09273647143323,8.11647554385517,8.15911784558906
27981,30445,32957,2985,63495,20869,4.06876338864638,4.44424145283623,5.42632119405932,5.46927493551219,5.47658209390096
217079,19915,26015,8743,213614,14194,3.25595544455036,3.30783183733491,3.30856228804252,3.37899263158056,3.45359935378446
66681,22583,21975,297570,185320,21764,2.60606083512972,3.23493142245444,3.40164416552103,3.45286738219059,3.68381111200999
21496,30775,21741,4763,16796,5773,3.45416591153612,3.52169144916836,3.5384375582055,3.55903682593682,3.56188504704345
216522,24452,1040,48759,30754,102,1.80156636996909,3.48267651868739,4.41983603647755,4.45563655259153,4.73899200109235
2521,169007,212217,249156,2781,15300,4.49519843869695,4.77401085235557,5.02447723363318,5.16540912712977,5.48110630434009
228666,69387,297570,22251,1796,20606,2.37516740548981,2.76684196120528,2.80276753037561,2.83622532295837,2.93176686280816
3113,18019,701,21093,151152,192791,2.3764696901609,2.43492504956991,2.62868719898569,2.73722125921782,2.87026404830373
15050,38527,15434,15412,21737,61431,4.32509120960596,4.3779516707082,5.20038256563038,5.32938902685989,5.84673178049835
294067,287873,151152,192791,276186,701,2.04777831295058,2.37417319591476,2.41050815381608,2.48361957053374,2.71571975225666
18840,23947,291,18492,90,399,4.40099249511489,4.53100545698664,4.66478522059377,4.67086889029517,4.78555758263135
58955,49406,690,23710,17960,2747,3.85026871968482,4.66397722082865,4.8513520391045,4.96439381821491,5.17314708938872
439,169007,19033,567,17275,6898,4.9674941534292,5.2060978297347,5.30764382470741,5.95320924034586,6.09816269437322
5756,29165,266164,8965,2807,88271,7.00323473163439,7.33247143875192,7.65961986436381,7.68307111477738,8.01602255161767
21523,65657,257,77117,27719,16587,1.7930797954647,2.1555528970857,2.2534107139807,2.27221976038403,2.40363404845154
2667,29805,15412,21737,15434,61431,4.12511137036488,4.47971476130877,4.57765151338451,4.90888723700954,5.2625221426187
22687,15990,546,3408,2781,3371,5.095443852888,5.17871414786173,5.57564507255498,5.744975397936,5.85045743215831
4288,22473,742,22316,16587,3553,2.02167070314052,2.33794223189026,2.46789440642607,2.57319327258835,2.60393926089869
681,258,17490,163,16186,24500,3.75449728716599,3.77983138872838,3.86505948956131,3.96178005566322,4.01249870795355
652,30743,20866,57769,9568,279,1.92248309972116,2.79560512099846,2.81710592432816,2.83400406717414,2.84666925402222
20322,24131,52644,4500,20857,261,4.58311967958411,5.07976714507073,5.1082747005055,5.16052273308417,5.20694347075997
2366,38602,30445,266,20869,77096,3.04106560286407,5.43315872810554,6.14767972333333,6.27645586054887,6.56434156023278
27554,22509,50823,39243,79881,76166,6.19640916808149,6.93109366212963,7.09184399175494,7.20719058740864,7.56049974589029
8688,2781,50762,15300,3408,264196,5.28658155113958,5.48566111670992,5.98847750266187,6.2199352306168,6.60838755069294
17933,264292,668,23979,49035,2025,2.81121158660088,3.57382182170915,3.87983671457722,4.1477824015851,4.19540729424802
84825,19324,20612,18679,23683,67275,1.70154244236514,2.14057432480485,2.43346712070854,2.53178715206109,2.70013170286179
19023,20256,19010,31400,20625,132,2.9373357249644,3.00475002050811,3.39399389007737,3.74442801268456,3.89620000828387
946,48788,203748,203769,245464,24342,6.33681127798048,6.71026703969377,6.99515999202383,7.08451217400516,7.20234963684671
63398,20869,77096,2346,32957,30445,2.93655441037785,3.48599125839635,3.71706364354929,3.79638066790804,4.15879706315398
2636,105152,141097,18330,49035,2906,2.87659247962002,3.20481564216647,3.9093533922357,3.94984970747021,4.08768174036627
191148,70314,64,4814,1449,21761,3.80974720856114,4.48429486724026,4.5234578961011,4.61031957358695,4.62147286433493
86280,32957,105152,19547,18330,19033,3.89874591429086,4.16124003999892,4.35507880853257,4.35671405337221,4.49055704684939
24707,4622,3408,105152,18330,30445,4.04271891710841,6.37099671992323,6.71061642962884,6.75667792412604,6.83935808723502
62511,21746,77096,234356,17275,21745,5.14479975044147,5.70968990026514,5.91046233527123,6.67995256039078,6.78056218641853
87,200699,379,21489,284990,20357,2.94970398846222,3.07697763837103,3.98686685773891,4.07761522555916,4.18759821750545
189693,236925,21115,101117,264793,20096,2.89439016077349,3.06371815913162,3.42338218241403,3.4860154728903,3.51978489751759
14965,15300,17275,3408,778,19547,3.68812543468012,3.71704935029065,4.11700597237366,4.13709021569125,4.28416447612957
17930,49035,2906,23979,2025,1551,4.02428522104484,4.38117710206009,4.57280141525664,4.73095890779942,4.77900308311105
16792,14497,15879,474,198,17779,6.18059349481644,6.47757172937101,7.02512199529768,7.5584682598419,8.14972322488695
24349,94792,163662,212,216371,76166,3.74232665074775,5.86702718857728,6.52106282492547,7.47806989258338,7.80793725717996
21088,354,18458,2407,19626,279,2.29581874940886,2.35929185365276,2.47339726475774,2.49215033632289,2.92870642274559
926,22481,25226,50843,426,23,1.98894409520128,2.36260729171171,2.60626853598543,2.63706585944009,2.65175734717435
29656,14624,17627,18701,20080,412,3.00691504124271,3.12574083669064,3.25574003967184,3.28526815634323,3.41926281772861
20840,22469,5868,114415,25943,47196,1.97539982900672,2.3901174278212,2.46857004274048,2.51619459248705,2.7326660935706
19326,21778,253852,28455,6797,282510,3.64405879400332,3.86002853434473,4.03731676574223,4.10410179049646,4.17848509694445
163837,18104,104,255688,10680,300535,4.91057048847935,5.40839560630985,5.46214143722496,5.49745409181791,5.54993759200948
21478,1593,124,19014,214795,4597,2.13277867505975,2.34455664712381,2.64072360876488,2.98573722750932,3.15142336787975
64266,15513,32957,423,19547,778,3.80901897325742,4.05619972694574,4.07579379059342,4.27670478706316,4.41336883655687
18833,18828,18463,23193,10547,20836,2.41752319048528,3.33171876270874,3.39544824373387,3.48955603150392,3.58517957639809
708,14497,474,101569,720,14811,3.58626748238358,4.2983218195529,5.16096700315363,5.56594675282329,5.57013503815793
554,546,3371,16591,3408,15990,3.65021629288986,4.7102097237286,4.85010267604968,5.083542125167,5.13547926462739
22520,825,556,4792,45219,225913,5.8247765980018,5.91188726696027,6.23206512374216,6.38943468208425,6.62920443875196
12322,141097,2916,157309,24275,18330,4.9015031077881,5.95489425724825,6.07888948912459,6.08685322200941,6.11819608374098
18656,18473,20603,249016,18799,296335,2.79269279388753,2.79368598981408,3.19346306514336,3.41572042227421,3.45931886231431
14288,17434,147,24023,4558,15718,3.0680518835933,3.23731221019827,3.28702794918302,3.45321146252498,3.52252059337536
97239,18338,789,16193,17434,282510,2.68640844963286,3.30814986315399,3.38558040497797,3.44035645380627,3.65343332260537
20628,720,101569,14811,14497,474,5.60968109415028,5.793060935737,6.41429045350317,6.45328568909694,6.66538259453911
796,14624,394,44920,14392,16998,2.34065850056679,2.55923338021202,2.95013530197171,3.02969943695804,3.03453389470476
1691,264292,668,23979,68213,778,3.344309611626,3.75243741599862,4.2917143811924,4.5687566281815,4.84370618571858
16881,16876,157309,2916,3507,48454,4.55210756844351,4.9046493918572,5.0120476178212,6.09979192286108,6.53431693434227
20672,567,668,105152,18330,50762,3.68267157595068,3.78626096755215,3.91934514358936,3.97227995568659,4.22885806125383
23461,18638,19528,189,502,16053,2.68498453203527,3.00098780873101,3.02613811657903,3.12523290199005,3.36277717627
21752,20606,271705,21761,101129,238757,2.859288059457,3.35361297905298,3.40827670750225,3.50613364729769,3.6164208370674
16596,5996,2807,127025,266164,5654,3.83108373806215,4.39342276823002,5.19147432640701,5.27466882653868,5.34295700695078
20835,2906,157309,105152,2916,141097,3.79576294888526,4.57740864236782,4.90874670061976,5.01060426514169,5.12590962067821
22941,188,2734,2824,21119,124,1.11188633733008,1.4445555788669,3.02801275349026,3.22516505714839,3.34091994245979
3288,3459,10175,48454,24275,3507,5.1064799097182,6.51557176533582,6.68881638678808,7.04369487314677,7.29442906969275
251,474,14497,19302,182,913,4.003814083233,4.38992212522957,5.65587716190543,5.94014309688688,6.18973012342381
36232,49035,668,105152,68213,2906,2.77977039552822,3.62604950665475,3.64144556381303,3.65763875593285,4.16254716736403
3515,48454,117805,16876,2916,24275,4.16155886404955,5.00623826464995,5.51963607596119,6.13572874811435,7.13865016325153
20135,16053,18341,18638,18812,14624,2.44262555227515,2.54795156792827,2.68633559586868,2.75707463490715,2.90738673325332
25461,22085,58856,16327,5225,19534,3.73221833666532,3.9049425009625,3.92872844352126,3.98488462410834,4.19047363849841
621,270,22504,18638,2458,397,3.4267660233583,3.94142451983043,3.9876282590419,4.03124981020528,4.12789860691427
4872,5654,75547,130135,5996,266164,4.42682447521208,4.94518883767852,5.00518431477093,5.10171114541359,5.10302748445639
1213,197,278352,10546,136700,23997,2.85823090409909,3.15578454173612,3.29180047366527,3.41714707334484,3.5761821136958
270450,192791,20284,20864,276186,287778,2.16478307136058,2.22701203180881,2.22739647378687,2.2636195385385,2.29416186319357
15747,15708,15834,16053,19528,97439,2.74767791464618,2.84177288704515,2.95599173920102,3.13263529710479,3.14452207776573
18319,18330,249156,105152,567,2781,4.81517994657647,5.38108819139228,5.38251412131974,5.38890127655658,5.46368914234975
20052,32957,15300,19033,169007,264292,4.38528101524474,4.46513613145346,4.524277606061,4.71083678424065,4.82017552387903
15982,22316,185320,19557,23941,18129,2.63465929460582,2.63794765780617,2.64436456417833,2.65067586415019,2.68959648829483
2820,249156,212217,169007,2781,567,3.27655728586724,4.93832699637839,5.83948428001426,6.61987685538874,6.71396758621223
931,1449,21122,62546,694,124348,3.84906050055012,3.88501993621209,4.2514414619642,4.26965512574583,4.42590470117957
94950,48788,203748,1551,245464,203769,4.80482286578866,4.92801920052985,4.97343538336079,5.66084963688057,5.82789040587356
20560,301973,284974,20357,284990,200699,4.14697522470685,4.36104260105414,4.39247311480372,4.66218550652608,4.8219624083976
15306,30275,14515,412,19534,16327,3.07474203475668,3.1454879147029,3.63683998270385,3.98078563007228,4.01414375799473
81143,19547,10295,41,14368,15513,3.86608631706591,4.31019115011461,4.35698203860489,4.36060822940524,4.38345189841019
687,16980,135,88286,14392,24023,2.78075456723523,2.78192795544025,2.81755234887664,3.07245479590897,3.1491886552444
19917,105152,18330,1501,19033,567,3.50542457970225,3.81256474532338,3.90476792533585,4.1516205302969,4.46028539251418
326,18330,2985,16575,62557,105152,4.06076137972974,4.10763455317483,4.13368129517395,4.82820927892197,4.96668898606907
20266,29805,21499,572,18324,20258,3.1403483777094,3.28717716012443,3.3274255682568,3.39150516870827,3.39215411787835
234892,249156,212217,169007,567,17275,4.6620873993604,6.26328622608201,6.46992758128077,6.71222077955054,6.89810698358289
525,19547,17275,15513,778,567,3.36592089929553,3.43683877242771,3.66256315368007,3.97289447456305,4.06268415239038
143356,2662,203748,1551,203769,6898,4.55037326419897,4.8866086028139,5.42082535227985,5.87397587238229,6.36854026589664
402,327,47591,276107,278510,247562,2.84273129122814,2.85635005725674,2.89891190140838,2.93050210249525,3.15296602263576
21126,23939,22214,20642,10317,18826,2.76270381252686,3.19284001628358,3.27307738194528,3.51583113061716,3.5899002200137
38,46350,22481,286558,49060,196,3.16811173785565,3.2106082300329,3.54174877992707,3.5626648021627,3.59664600036484
79955,27719,48996,16587,128,20794,2.20306245163287,2.23338511847653,2.3451658552393,2.48515097478243,2.53503093508438
15521,546,15990,3408,3371,21847,2.61834784903712,3.78019787678274,4.2067041741995,4.463116700657,5.74892236410865
555,77096,32957,19033,409,266,3.87092718384703,4.90876723118276,4.95417972874319,5.00650797804719,5.1881956277935
276047,168946,903,101117,266301,278882,3.2950906867325,3.41258582631346,3.53644230294194,3.60081186080491,3.67847313308274
20947,77096,30445,20869,2985,266,4.48450288522848,4.92434544169838,5.2270292317897,5.58845657098506,5.70680121917095
203,4558,15996,806,50834,16970,4.22321634783541,4.28880015305433,4.29402734334338,4.43114307208859,4.48971385952274
295282,20864,274932,298063,23431,270425,1.93969372642851,2.15075320592069,2.30208523504129,2.55647945440298,2.67558312677896
90635,24342,76166,36185,27564,24194,4.17822662412891,4.50014025668587,4.60220759774825,4.99574321191944,5.1002213039056
4879,4981,32382,75547,127025,130135,3.99684142297806,5.90546143186112,6.13713303679165,6.28378451578565,6.42602850769822
17404,16193,17,40001,141,214795,3.37446645567092,3.4570867874046,3.65666765864464,3.7579866523404,3.97775576673533
480,270417,201,21041,18797,25226,3.04467400498517,3.15331420212878,3.40021276229719,3.40681878914249,3.45217592859279
16158,15725,17053,262848,23939,4558,3.83454406679631,4.18976039305416,4.24821254393365,4.25317537364314,4.30809004705898
41012,89084,48256,690,282495,58265,4.56602175006698,4.87466588292467,5.07288344278145,5.11210864798405,5.22143983965878
270295,242041,284974,301973,284990,266146,3.77904196876337,3.78683455753576,3.93386639212976,4.3802587187711,4.38117190734689
18,83,126,18647,24023,141,3.40393766857467,3.42065308141602,3.78764401072809,3.82730041558722,3.87704034352526
21783,105152,18330,19033,1501,567,3.57089905332222,3.79962232048821,4.09175726540273,4.19291149047968,4.771188526157
21095,218974,247562,106736,122701,278510,3.10251287371,4.15603937149717,4.34259304489516,4.64995120634212,4.88002665635507
282327,277285,297570,18799,253902,189706,2.62540391720255,3.00288782020702,3.02418239513821,3.12225396506334,3.13895570139203
2912,21976,15725,15834,17434,16494,2.86619070793884,3.05417340449657,3.13473488377091,3.32354829710087,3.44154146274146
23664,10251,19539,36185,76166,212,4.77086230387589,4.8196880032795,5.42645516907756,5.47089094700346,5.48663192024909
28691,22006,311,20604,272,16262,4.07693607799225,4.36101413707174,4.72821395047946,4.73659418814059,4.94010849636149
23640,266164,75547,5654,1632,2807,3.21885386844204,3.2353139842168,3.42700910870065,3.82279807680579,4.19383974995915
148618,56428,17786,18104,20357,200699,3.84117299708284,3.94810956721697,4.48876107593909,4.53916659540094,4.55097058055987
3584,15718,24023,17434,21976,16980,3.12195536523128,3.32746030777378,3.38293646347183,3.59539491755735,3.60620712578078
89009,52610,2349,245,5357,20032,1.96552611600744,2.89265832539308,3.0890873540245,3.09614345834681,3.17700382400039
16975,546,15990,21847,3408,50762,4.22532477814513,5.26045362426828,5.31593036676133,5.79266864350914,5.93612280057534
1033,27977,591,16267,5847,22022,2.37751932256533,2.49678287688809,2.50569795621023,2.76102218734507,2.76730539965547
232,15300,41,17275,2346,409,4.66465375077726,4.71262271888856,4.81596834640759,5.16876416423879,5.27016593221023
21765,286584,21778,269175,202124,941,3.48001710117469,3.67890642429751,3.79217537836623,4.00196692718801,4.08092902456083
5185,17778,2345,220048,16267,22469,2.31668322087819,2.93099215801119,3.07045927788944,3.10719746968365,3.13857191462811
22492,690,17960,41058,2747,23710,2.7751230090078,3.00700619729315,3.20797931155231,3.40724737084716,3.46402389900262
611,21746,234356,21043,21060,423,2.5960634026048,3.33132831152799,4.03759355633002,4.5582251861713,5.83013332323284
22,14497,474,101569,19302,720,4.23024696664616,4.66927244903265,5.5846020824918,6.63109090565623,6.70774737368855
245364,20681,157309,3002,18651,36185,4.77687471262812,5.76288755564427,5.96739359724685,6.23848788771171,7.3986312781046
289,43352,19028,348,15421,325,4.04220056344605,4.51162077644345,4.5746814961844,4.59802404078509,4.66809596146635
24969,28235,90763,4708,22460,5420,4.85833275128944,6.58005447748746,9.48805711838846,10.0997260977053,10.4828874996824
78364,25943,5868,88135,17793,3553,2.1754542352723,2.91754827347148,3.04108047111012,3.046122398721,3.18995463452581
766,4622,3408,15990,19547,2781,4.90036966902455,5.50575875524792,6.1017708564024,6.28553891984009,6.3259059831796
929,24288,21778,286584,122710,89053,4.52770391864271,5.29361417061033,5.79473311841317,6.01601134432588,6.06143786328261
704,12464,2346,68213,778,15300,1.78859258550484,3.63425589553203,4.47924619155703,4.5015961857003,4.91703391714743
307,21041,18655,18797,830,258,3.96803134789777,4.16453027105281,4.61633118848864,4.706743811474,4.89868460785843
19578,105152,19304,71220,18330,668,4.40437812789372,4.42556985230604,4.55131615920612,4.57032391503135,4.7068848634936
24433,32896,20852,9568,22017,2421,3.62082607623781,3.71159150988698,3.92166461654287,4.11895303629785,4.1855261125716
18690,17636,342,1927,253852,286584,2.73732852918202,2.96183448936015,3.27704057690294,3.75535435377673,3.76342557973787
24346,76166,216371,825,36199,19539,3.86426633574592,4.65647295283978,4.70556911495818,4.77935582208368,4.81026166754334
69514,297570,101129,18694,151451,21094,1.83835387171298,2.52271623566434,3.07882201844807,3.10189796242923,3.1509205158391
928,18324,17961,16327,1042,17776,3.69255581266785,3.72857085597699,3.89766813026625,4.05731244175203,4.21164210315085
58931,20357,379,18104,276323,16643,3.62164823569765,3.69338534415088,3.82142698895282,3.84382159906418,4.04580494711827
202359,20864,29641,287873,287778,267456,2.88135070825232,3.07975750664758,3.14519288716442,3.16808206769906,3.24245411551435
21514,23428,694,24432,1449,39358,2.44138623141314,2.55649483170935,2.7112524713982,2.75268758075137,2.75510716491057
27440,12464,2346,15300,3371,778,4.09405062116997,5.04536762985025,5.13146896599468,5.14123463889245,5.23271112221008
71126,48454,17254,16876,3459,24275,3.93449817517706,5.26621044304589,5.30435256414892,5.4254759208515,5.56010059478269
18165,194689,21728,104,207629,793,6.26803865416651,6.49403572426686,6.58338604129967,6.68465387169425,6.90010164728138
2786,2781,567,17275,15300,50762,3.18340833540089,4.33642121251671,4.48640191211977,4.53718715287528,5.07356814675153
51,17779,322,72,106,27269,4.31485485514993,5.31318485311986,5.75702463374694,7.67948814584335,7.69638836581734
209049,16475,17650,16264,151451,10546,2.36305627943258,2.38467531848558,2.40150878931184,2.41742633557519,2.45859926034723
2264,185311,431,17650,16264,6139,2.25337818992853,2.35274473455987,2.37005796722146,2.38339228189116,2.42677490627521
191056,16647,17636,379,47591,16643,2.77023746293663,2.77282776137595,2.92401312210328,3.03661252913669,3.29720465612792
18110,223996,207629,194689,22504,101580,4.75703707174069,4.85019720305971,5.39472144113113,5.44358286394086,5.57171786819323
88888,38602,266,6898,8799,2985,5.51660221176806,6.39017560450213,6.65852221450737,6.76263198252752,7.04944940954747
99,264292,23979,668,2025,19304,3.20341903724872,3.69111252383471,4.00565452095006,4.20505967777039,4.4181284621148
75485,21746,234356,77096,21043,32957,3.84610435877939,3.991952008134,5.350734078748,5.45176046083048,5.50791612366107
684,289406,16264,17650,6763,431,1.87582920089973,1.89267548231193,1.91067347307303,1.9454491892327,2.32807628682314
226077,194689,342,207629,19063,104,3.42556741506108,3.8221518701794,3.8722327298477,4.13221542801225,4.16124501792459
121,169007,17275,409,29628,77096,4.55867239901866,4.85287037942516,6.07926740586233,6.23709358580139,6.28946225763003
276295,38602,19304,266,30445,77096,5.12478853145257,6.03475806528969,6.0547513043584,6.08383923653884,6.271132301293
22255,18799,101129,296335,20603,189706,2.94848430960942,3.46051072978361,3.47999377173777,3.53877211796736,3.63634638376207
3983,163662,24275,10175,24194,48454,4.87778993902633,5.48781844134596,5.76111889444239,5.85214618375957,5.94085687453891
7516,249156,169007,212217,7921,39243,4.75108196970393,5.85117137754878,6.01653025346468,7.09392410856209,7.32535848661493
277447,36185,24342,264292,23979,18651,2.71723998473002,5.06787423863822,5.2177056535585,5.31526723234532,5.39852034252241
2954,529,73076,16972,18121,18334,3.48108708993166,3.55907609336131,3.63603872737283,4.2403573193823,4.26664924661856
293013,15300,17275,249156,212217,169007,6.05244074931041,6.74326218589423,6.82181927300778,6.99346225004936,7.22723850417007
227307,76166,39243,169007,22509,50823,4.86906254870654,4.9433445936591,5.11402509573214,6.72081399706901,7.07911736590952
2419,16267,483,43630,591,593,3.09070930831637,3.14946809373402,3.21808336244033,3.51784144997687,3.79188133533135
274753,20058,29641,20864,18502,22104,1.96621013779983,2.59210860653968,2.66144417468545,2.94102246360156,3.00987390581077
18118,3527,63457,15841,15537,516,2.99861228899741,3.47889872755593,3.56241701778113,3.57469808917199,3.62716104263713
512,18679,18839,22496,26896,3064,2.30967224678085,2.66689264972887,2.69133675870121,2.84593324969884,2.89771213863054
26510,249156,169007,2985,825,36199,5.13904004387998,5.9144441463326,7.05413277287864,7.09939685527365,7.15486958516976
10137,216211,299243,24898,293024,69387,3.7228782249109,4.26454643959934,4.27120644188664,4.41902462427925,4.51157405695971
757,20642,22214,2458,18826,17053,2.22868449186285,2.90376966478473,3.33812160641327,3.42294219996714,3.51916275927272
568,17377,26896,163,21524,15331,2.19035592235085,2.20734873662051,2.46148744334785,2.47970850811553,2.57002761462522
534,567,18330,105152,2781,19304,3.72099840811128,4.58933117796062,4.63747184417208,4.90551770797667,4.92070668040748
20262,2668,17,15302,40001,802,2.74076569844659,2.85114784968507,2.91801389802902,2.96706959581527,3.04298829553399
17945,18638,18341,502,16053,16908,2.85827991405239,3.10316317324533,3.31883826020851,3.39729266461018,3.54547430195097
20593,25451,583,182,333,278352,1.8652243661923,2.77949800037757,2.85205305816505,2.93464089289697,2.95563147737839
207307,23979,18651,36185,20681,157309,5.1046356473484,5.15544761764978,5.25850921111651,5.35607255716237,5.43898639746098
18832,15718,17434,50834,4558,62,2.53269786708856,3.30614516674234,3.65944411836964,3.68050904207723,3.75989505537191
144853,131708,16640,256,270,15708,3.78366147795796,4.70502781950016,4.92796476781331,4.94676886307831,5.0301188407065
84901,825,264196,15300,556,16591,4.4356928751526,4.49939492212032,4.91127302558198,4.92345865237772,4.97109857422284
43510,28235,4708,90763,22460,6117,8.30883935385615,9.26660617272054,9.36425533227653,10.9470214512865,12.2839228297086
58913,63495,105152,18330,668,49035,2.68440895316639,3.40312974966204,3.96619589823644,4.00577429185998,4.17214939596464
175,183,203769,4792,24342,48788,10.4119642714833,11.1994315978239,11.6858991011018,12.0157803812783,12.2218570772425
281145,126282,25452,75545,19013,207586,5.30732181086998,5.4135664219378,6.23778470569333,6.31843129062687,7.58967838693566
